
/* 메뉴정보 */
INSERT INTO comtnmenuinfo (menu_nm, progrm_file_nm, menu_no, upper_menu_no, menu_ordr, menu_dc, relate_image_path, relate_image_nm, use_at, frst_regist_pnttm, frst_register_id, last_updt_pnttm, last_updusr_id) VALUES ('공통코드관리', 'CmmnCodeManagment', 1010000, 1000000, 1, '공통코드관리', '/', '/', 'Y', NULL, NULL, DATETIME'2022-02-07 20:54:44.732', 'USRCNFRM_00000000001');
INSERT INTO comtnmenuinfo (menu_nm, progrm_file_nm, menu_no, upper_menu_no, menu_ordr, menu_dc, relate_image_path, relate_image_nm, use_at, frst_regist_pnttm, frst_register_id, last_updt_pnttm, last_updusr_id) VALUES ('환경설정', 'dir', 1000000, 0, 1, '환경설정', '/', '/', 'Y', NULL, NULL, NULL, NULL);
INSERT INTO comtnmenuinfo (menu_nm, progrm_file_nm, menu_no, upper_menu_no, menu_ordr, menu_dc, relate_image_path, relate_image_nm, use_at, frst_regist_pnttm, frst_register_id, last_updt_pnttm, last_updusr_id) VALUES ('전체', 'dir', 0, 0, 1, '전체메뉴', '/', '/', 'Y', NULL, NULL, NULL, NULL);
INSERT INTO comtnmenuinfo (menu_nm, progrm_file_nm, menu_no, upper_menu_no, menu_ordr, menu_dc, relate_image_path, relate_image_nm, use_at, frst_regist_pnttm, frst_register_id, last_updt_pnttm, last_updusr_id) VALUES ('공통상세코드관리', 'CmmnCodeDtlManagment', 1020000, 1000000, 2, '공통상세코드관리', '/', '/', 'Y', NULL, NULL, DATETIME'2022-02-07 20:54:54.228', 'USRCNFRM_00000000001');
INSERT INTO comtnmenuinfo (menu_nm, progrm_file_nm, menu_no, upper_menu_no, menu_ordr, menu_dc, relate_image_path, relate_image_nm, use_at, frst_regist_pnttm, frst_register_id, last_updt_pnttm, last_updusr_id) VALUES ('프로그램관리', 'ProgrmManagment', 1030000, 1000000, 3, '프로그램관리', '/', '/', 'N', NULL, NULL, DATETIME'2022-02-07 20:57:39.293', 'USRCNFRM_00000000001');
INSERT INTO comtnmenuinfo (menu_nm, progrm_file_nm, menu_no, upper_menu_no, menu_ordr, menu_dc, relate_image_path, relate_image_nm, use_at, frst_regist_pnttm, frst_register_id, last_updt_pnttm, last_updusr_id) VALUES ('메뉴관리', 'MenuManagment', 1040000, 1000000, 4, '메뉴관리', '/', '/', 'Y', NULL, NULL, NULL, NULL);
INSERT INTO comtnmenuinfo (menu_nm, progrm_file_nm, menu_no, upper_menu_no, menu_ordr, menu_dc, relate_image_path, relate_image_nm, use_at, frst_regist_pnttm, frst_register_id, last_updt_pnttm, last_updusr_id) VALUES ('메뉴권한할당', 'EgovMenuCreatManageSelect', 1050000, 1000000, 6, '메뉴권한할당', '/', '/', 'Y', NULL, NULL, DATETIME'2022-02-09 22:58:30.128', 'USRCNFRM_00000000001');
INSERT INTO comtnmenuinfo (menu_nm, progrm_file_nm, menu_no, upper_menu_no, menu_ordr, menu_dc, relate_image_path, relate_image_nm, use_at, frst_regist_pnttm, frst_register_id, last_updt_pnttm, last_updusr_id) VALUES ('사용자권한할당', 'EgovAuthorGroup', 1060000, 1000000, 6, '사용자권한할당', '/', '/', 'Y', NULL, NULL, DATETIME'2022-02-09 22:55:52.574', 'USRCNFRM_00000000001');
INSERT INTO comtnmenuinfo (menu_nm, progrm_file_nm, menu_no, upper_menu_no, menu_ordr, menu_dc, relate_image_path, relate_image_nm, use_at, frst_regist_pnttm, frst_register_id, last_updt_pnttm, last_updusr_id) VALUES ('팝업관리', 'dir', 1070000, 1000000, 7, '팝업관리', '/', '/', 'Y', NULL, NULL, NULL, NULL);
INSERT INTO comtnmenuinfo (menu_nm, progrm_file_nm, menu_no, upper_menu_no, menu_ordr, menu_dc, relate_image_path, relate_image_nm, use_at, frst_regist_pnttm, frst_register_id, last_updt_pnttm, last_updusr_id) VALUES ('게시판관리', 'BBSMasterManagment', 1080000, 1000000, 8, '게시판관리', '/', '/', 'Y', NULL, NULL, DATETIME'2022-02-10 22:28:49.327', 'USRCNFRM_00000000001');
INSERT INTO comtnmenuinfo (menu_nm, progrm_file_nm, menu_no, upper_menu_no, menu_ordr, menu_dc, relate_image_path, relate_image_nm, use_at, frst_regist_pnttm, frst_register_id, last_updt_pnttm, last_updusr_id) VALUES ('업무담당자관리', 'dir', 1090000, 1000000, 9, '업무담당자관리', '/', '/', 'Y', NULL, NULL, NULL, NULL);
INSERT INTO comtnmenuinfo (menu_nm, progrm_file_nm, menu_no, upper_menu_no, menu_ordr, menu_dc, relate_image_path, relate_image_nm, use_at, frst_regist_pnttm, frst_register_id, last_updt_pnttm, last_updusr_id) VALUES ('심의업무', 'dir', 2000000, 0, 1, '심의업무', '/', '/', 'Y', NULL, NULL, NULL, NULL);
INSERT INTO comtnmenuinfo (menu_nm, progrm_file_nm, menu_no, upper_menu_no, menu_ordr, menu_dc, relate_image_path, relate_image_nm, use_at, frst_regist_pnttm, frst_register_id, last_updt_pnttm, last_updusr_id) VALUES ('권한관리', 'AuthManagment', 1110000, 1000000, 5, '권한관리', NULL, NULL, 'Y', DATETIME'2022-02-07 20:58:36.822', 'USRCNFRM_00000000001', DATETIME'2022-02-09 22:58:20.577', 'USRCNFRM_00000000001');
INSERT INTO comtnmenuinfo (menu_nm, progrm_file_nm, menu_no, upper_menu_no, menu_ordr, menu_dc, relate_image_path, relate_image_nm, use_at, frst_regist_pnttm, frst_register_id, last_updt_pnttm, last_updusr_id) VALUES ('테스트', '', 1010100, 1010000, 1, '테스트', NULL, NULL, 'Y', DATETIME'2022-02-12 21:45:44.236', 'USRCNFRM_00000000001', DATETIME'2022-02-12 21:45:44.236', 'USRCNFRM_00000000001');
INSERT INTO comtnmenuinfo (menu_nm, progrm_file_nm, menu_no, upper_menu_no, menu_ordr, menu_dc, relate_image_path, relate_image_nm, use_at, frst_regist_pnttm, frst_register_id, last_updt_pnttm, last_updusr_id) VALUES ('테스트', '', 2010000, 2000000, 1, '테스트', NULL, NULL, 'Y', DATETIME'2022-02-12 22:58:12.802', 'USRCNFRM_00000000001', DATETIME'2022-02-12 22:58:12.802', 'USRCNFRM_00000000001');
INSERT INTO comtnmenuinfo (menu_nm, progrm_file_nm, menu_no, upper_menu_no, menu_ordr, menu_dc, relate_image_path, relate_image_nm, use_at, frst_regist_pnttm, frst_register_id, last_updt_pnttm, last_updusr_id) VALUES ('공지사항', 'Notice', 1130000, 1000000, 10, '공지사항', NULL, NULL, 'Y', DATETIME'2022-02-17 21:55:49.248', 'USRCNFRM_00000000001', DATETIME'2022-02-17 21:55:49.248', 'USRCNFRM_00000000001');

/* 약관정보 */
INSERT INTO comtnstplatinfo (USE_STPLAT_ID, USE_STPLAT_CN, INFO_PROVD_AGRE_CN) 
VALUES ('STPLAT_0000000000001', '개인정보의 수집 및 이용목적-개인회원', '제1조(목적 등)-개인회원');
INSERT INTO comtnstplatinfo (USE_STPLAT_ID, USE_STPLAT_CN, INFO_PROVD_AGRE_CN) 
VALUES ('STPLAT_0000000000002', '개인정보의 수집 및 이용목적-기업회원', '제1조(목적 등)-기업회원');

/* 공통코드시스템 */
INSERT INTO com.comtccmmnclcode
(CL_CODE, CL_CODE_NM, CL_CODE_DC, USE_AT, FRST_REGIST_PNTTM, FRST_REGISTER_ID, LAST_UPDT_PNTTM, LAST_UPDUSR_ID)
VALUES('COM', '출입신청심의시스템', '출입신청심의시스템', 'Y', '2021-02-17 00:00:00', 'SYSTEM', '2021-02-17 00:00:00', 'SYSTEM');

/* 공통코드상세 : 성별 */
INSERT INTO comtccmmndetailcode (CODE_ID, CODE, CODE_NM, CODE_DC, USE_AT) VALUES ('COM014', 'F', '여자', '여자', 'Y');
INSERT INTO comtccmmndetailcode (CODE_ID, CODE, CODE_NM, CODE_DC, USE_AT) VALUES ('COM014', 'M', '남자', '남자', 'Y');

/* 공통코드상세 : 비밀번호힌트 */
INSERT INTO comtccmmndetailcode (CODE_ID, CODE, CODE_NM, CODE_DC, USE_AT) VALUES ('COM022', 'P03', '나의 보물 제1호는?', '나의 보물 제1호는?', 'Y');
INSERT INTO comtccmmndetailcode (CODE_ID, CODE, CODE_NM, CODE_DC, USE_AT) VALUES ('COM022', 'P01', '가장 기억에 남는 장소는?', '가장 기억에 남는 장소는?', 'Y');
INSERT INTO comtccmmndetailcode (CODE_ID, CODE, CODE_NM, CODE_DC, USE_AT) VALUES ('COM022', 'P02', '나의 좌우명은?', '나의 좌우명은?', 'Y');
INSERT INTO comtccmmndetailcode (CODE_ID, CODE, CODE_NM, CODE_DC, USE_AT) VALUES ('COM022', 'P04', '가장 기억에 남는 선생님 성함은?', '가장 기억에 남는 선생님 성함은?', 'Y');
INSERT INTO comtccmmndetailcode (CODE_ID, CODE, CODE_NM, CODE_DC, USE_AT) VALUES ('COM022', 'P05', '다른 사람은 모르는 나만의 신체비밀은?', '다른 사람은 모르는 나만의 신체비밀은?', 'Y');
INSERT INTO comtccmmndetailcode (CODE_ID, CODE, CODE_NM, CODE_DC, USE_AT) VALUES ('COM022', 'P06', '오래도록 기억하고 싶은 날짜는?', '오래도록 기억하고 싶은 날짜는?', 'Y');
INSERT INTO comtccmmndetailcode (CODE_ID, CODE, CODE_NM, CODE_DC, USE_AT) VALUES ('COM022', 'P07', '받았던 선물 중 기억에 남는 독특한 선물은?', '받았던 선물 중 기억에 남는 독특한 선물은?', 'Y');
INSERT INTO comtccmmndetailcode (CODE_ID, CODE, CODE_NM, CODE_DC, USE_AT) VALUES ('COM022', 'P08', '가장 생각나는 친구 이름은?', '가장 생각나는 친구 이름은?', 'Y');
INSERT INTO comtccmmndetailcode (CODE_ID, CODE, CODE_NM, CODE_DC, USE_AT) VALUES ('COM022', 'P09', '인상 깊게 읽은 책 이름은?', '인상 깊게 읽은 책 이름은?', 'Y');
INSERT INTO comtccmmndetailcode (CODE_ID, CODE, CODE_NM, CODE_DC, USE_AT) VALUES ('COM022', 'P10', '내가 존경하는 인물은?', '내가 존경하는 인물은?', 'Y');
INSERT INTO comtccmmndetailcode (CODE_ID, CODE, CODE_NM, CODE_DC, USE_AT) VALUES ('COM022', 'P11', '나의 노래방 애창곡은?', '나의 노래방 애창곡은?', 'Y');
INSERT INTO comtccmmndetailcode (CODE_ID, CODE, CODE_NM, CODE_DC, USE_AT) VALUES ('COM022', 'P12', '가장 감명깊게 본 영화는?', '가장 감명깊게 본 영화는?', 'Y');
INSERT INTO comtccmmndetailcode (CODE_ID, CODE, CODE_NM, CODE_DC, USE_AT) VALUES ('COM022', 'P13', '좋아하는 스포츠팀 이름은?', '좋아하는 스포츠팀 이름은?', 'Y');

/* 공통코드상세: 회원구분 */
INSERT INTO comtccmmndetailcode (code_id, code, code_nm, code_dc, use_at, frst_regist_pnttm, frst_register_id, last_updt_pnttm, last_updusr_id) VALUES ('COM012', 'USR01', '일반 회원 유형', '일반 회원 유형', 'Y', DATETIME'2022-01-25 01:08:17.188', 'SYSTEM', DATETIME'2022-01-25 01:08:17.188', 'SYSTEM');
INSERT INTO comtccmmndetailcode (code_id, code, code_nm, code_dc, use_at, frst_regist_pnttm, frst_register_id, last_updt_pnttm, last_updusr_id) VALUES ('COM012', 'USR02', '기업 회원 유형', '기업 회원 유형', 'Y', DATETIME'2022-01-25 01:08:17.189', 'SYSTEM', DATETIME'2022-01-25 01:08:17.189', 'SYSTEM');
INSERT INTO comtccmmndetailcode (code_id, code, code_nm, code_dc, use_at, frst_regist_pnttm, frst_register_id, last_updt_pnttm, last_updusr_id) VALUES ('COM012', 'USR03', '업무 담당자(사용자) 유형', '업무 담당자(사용자) 유형', 'Y', DATETIME'2022-01-25 01:08:17.190', 'SYSTEM', DATETIME'2022-01-25 01:08:17.190', 'SYSTEM');
INSERT INTO comtccmmndetailcode (code_id, code, code_nm, code_dc, use_at, frst_regist_pnttm, frst_register_id, last_updt_pnttm, last_updusr_id) VALUES ('COM012', 'USR99', '사용자 유형 최상위 롤', '사용자 유형 최상위 롤', 'Y', DATETIME'2022-01-25 01:08:17.192', 'SYSTEM', DATETIME'2022-01-25 01:08:17.192', 'SYSTEM');

/* 공통코드상세 : 기업정보 */
INSERT INTO comtccmmndetailcode (CODE_ID, CODE, CODE_NM, CODE_DC, USE_AT) VALUES ('COM026', 'C0000002', '중소기업', '중소기업', 'Y');
INSERT INTO comtccmmndetailcode (CODE_ID, CODE, CODE_NM, CODE_DC, USE_AT) VALUES ('COM026', 'C0000001', '대기업', '대기업', 'Y');
INSERT INTO comtccmmndetailcode (CODE_ID, CODE, CODE_NM, CODE_DC, USE_AT) VALUES ('COM026', 'C0000003', '다국적기업', '다국적기업', 'Y');

/* 공통코드상세: 업종코드 */
INSERT INTO comtccmmndetailcode (CODE_ID, CODE, CODE_NM, CODE_DC, USE_AT) VALUES ('COM027', 'G', '도소매 및 소비자용품수리업', '도소매 및 소비자용품수리업', 'Y');
INSERT INTO comtccmmndetailcode (CODE_ID, CODE, CODE_NM, CODE_DC, USE_AT) VALUES ('COM027', 'A', '축산업', '축산업', 'Y');
INSERT INTO comtccmmndetailcode (CODE_ID, CODE, CODE_NM, CODE_DC, USE_AT) VALUES ('COM027', 'B', '어업', '어업', 'Y');
INSERT INTO comtccmmndetailcode (CODE_ID, CODE, CODE_NM, CODE_DC, USE_AT) VALUES ('COM027', 'C', '광업', '광업', 'Y');
INSERT INTO comtccmmndetailcode (CODE_ID, CODE, CODE_NM, CODE_DC, USE_AT) VALUES ('COM027', 'D', '제조업', '제조업', 'Y');
INSERT INTO comtccmmndetailcode (CODE_ID, CODE, CODE_NM, CODE_DC, USE_AT) VALUES ('COM027', 'E', '전기,가스및수도사업', '전기,가스및수도사업', 'Y');
INSERT INTO comtccmmndetailcode (CODE_ID, CODE, CODE_NM, CODE_DC, USE_AT) VALUES ('COM027', 'F', '건설업', '건설업', 'Y');
INSERT INTO comtccmmndetailcode (CODE_ID, CODE, CODE_NM, CODE_DC, USE_AT) VALUES ('COM027', 'H', '숙박및음식점', '숙박및음식점', 'Y');
INSERT INTO comtccmmndetailcode (CODE_ID, CODE, CODE_NM, CODE_DC, USE_AT) VALUES ('COM027', 'I', '운수창고및통신업', '운수창고및통신업', 'Y');
INSERT INTO comtccmmndetailcode (CODE_ID, CODE, CODE_NM, CODE_DC, USE_AT) VALUES ('COM027', 'J', '금융및보험업', '금융및보험업', 'Y');
INSERT INTO comtccmmndetailcode (CODE_ID, CODE, CODE_NM, CODE_DC, USE_AT) VALUES ('COM027', 'K', '부동산,임대및사업서비스업', '부동산,임대및사업서비스업', 'Y');
INSERT INTO comtccmmndetailcode (CODE_ID, CODE, CODE_NM, CODE_DC, USE_AT) VALUES ('COM027', 'M', '교육서비스업', '교육서비스업', 'Y');
INSERT INTO comtccmmndetailcode (CODE_ID, CODE, CODE_NM, CODE_DC, USE_AT) VALUES ('COM027', 'N', '보건업', '보건업', 'Y');
INSERT INTO comtccmmndetailcode (CODE_ID, CODE, CODE_NM, CODE_DC, USE_AT) VALUES ('COM027', 'O', '기타공공,사회및개인서비스업', '기타공공,사회및개인서비스업', 'Y');
INSERT INTO comtccmmndetailcode (CODE_ID, CODE, CODE_NM, CODE_DC, USE_AT) VALUES ('COM027', 'P', '가사서비스업', '가사서비스업', 'Y');

/* 공통코드 */
INSERT INTO comtccmmncode (code_id, code_id_nm, code_id_dc, use_at, cl_code, frst_regist_pnttm, frst_register_id, last_updt_pnttm, last_updusr_id) VALUES ('COM014', '성별', '성별', 'Y', 'COM', DATETIME'2022-02-07 21:56:31.562', 'USRCNFRM_00000000001', DATETIME'2022-02-07 21:57:12.656', '');
INSERT INTO comtccmmncode (code_id, code_id_nm, code_id_dc, use_at, cl_code, frst_regist_pnttm, frst_register_id, last_updt_pnttm, last_updusr_id) VALUES ('COM101', '게시판유형', '게시판유형', 'Y', 'COM', DATETIME'2022-02-12 00:12:57.197', 'USRCNFRM_00000000001', DATETIME'2022-02-12 00:12:57.197', 'USRCNFRM_00000000001');
INSERT INTO comtccmmncode (code_id, code_id_nm, code_id_dc, use_at, cl_code, frst_regist_pnttm, frst_register_id, last_updt_pnttm, last_updusr_id) VALUES ('COM012', '회원유형', '일반/기업/업무담당자를 구현하기 위한 사용자 구분', 'Y', 'COM', DATETIME'2022-02-13 16:51:39.871', 'USRCNFRM_00000000001', DATETIME'2022-02-13 16:51:39.871', 'USRCNFRM_00000000001');

/* 프로그램정보 */
INSERT INTO 
COMTNPROGRMLIST (PROGRM_FILE_NM, PROGRM_STRE_PATH, PROGRM_KOREAN_NM, PROGRM_DC, URL) VALUES 
('MenuManagment', '/com/sym/mnu/mpm', '메뉴관리', '메뉴관리', '/cmm/menumng.do');
INSERT INTO 
COMTNPROGRMLIST (PROGRM_FILE_NM, PROGRM_STRE_PATH, PROGRM_KOREAN_NM, PROGRM_DC, URL) VALUES 
('CmmnCodeManagment', '/com/sym/ccm/cca', '코드관리', '코드관리', '/cmm/codemng.do');
INSERT INTO 
COMTNPROGRMLIST (PROGRM_FILE_NM, PROGRM_STRE_PATH, PROGRM_KOREAN_NM, PROGRM_DC, URL) VALUES 
('CmmnCodeDtlManagment', '/com/sym/ccm/cde', '코드상세관리', '코드상세관리', '/cmm/codedtlmng.do');
INSERT INTO 
COMTNPROGRMLIST (PROGRM_FILE_NM, PROGRM_STRE_PATH, PROGRM_KOREAN_NM, PROGRM_DC, URL) VALUES 
('ProgrmManagment', '/com/sym/prm', '프로그램관리', '프로그램관리', '/cmm/progrmmng.do');
INSERT INTO 
COMTNPROGRMLIST (PROGRM_FILE_NM, PROGRM_STRE_PATH, PROGRM_KOREAN_NM, PROGRM_DC, URL) VALUES 
('AuthManagment', '/com/cmm/mnu', '권한관리', '권한관리', '/cmm/authmng.do');
INSERT INTO comtnprogrmlist (progrm_file_nm, progrm_stre_path, progrm_korean_nm, progrm_dc, url, use_at, frst_regist_pnttm, frst_register_id, last_updt_pnttm, last_updusr_id) VALUES 
('EgovMenuCreatManageSelect', '/cmm/', '메뉴생성관리', '메뉴생성관리', '/cmm/menucreatemng.do', 'Y', DATETIME'2022-02-09 22:48:50.577', 'USRCNFRM_00000000001', DATETIME'2022-02-09 22:48:50.577', 'USRCNFRM_00000000001');
INSERT INTO comtnprogrmlist (progrm_file_nm, progrm_stre_path, progrm_korean_nm, progrm_dc, url, use_at, frst_regist_pnttm, frst_register_id, last_updt_pnttm, last_updusr_id) VALUES 
('EgovAuthorGroup', '/cmm/', '권한그룹관리', '권한그룹관리', '/cmm/authgroupmng.do', 'Y', DATETIME'2022-02-09 22:55:12.870', 'USRCNFRM_00000000001', DATETIME'2022-02-09 22:55:12.870', 'USRCNFRM_00000000001');
INSERT INTO comtnprogrmlist (progrm_file_nm, progrm_stre_path, progrm_korean_nm, progrm_dc, url, use_at, frst_regist_pnttm, frst_register_id, last_updt_pnttm, last_updusr_id) VALUES 
('Notice', '/cmm/', '공지사항', '공지사항', '/cmm/noticemng.do', 'Y', DATETIME'2022-02-17 21:54:11.697', 'USRCNFRM_00000000001', DATETIME'2022-02-17 21:54:11.697', 'USRCNFRM_00000000001');

/* 메뉴생성정보 */
INSERT INTO comtnmenucreatdtls (menu_no, author_code, mapng_creat_id) VALUES (1010000, 'ROLE_USER', NULL);
INSERT INTO comtnmenucreatdtls (menu_no, author_code, mapng_creat_id) VALUES (1020000, 'ROLE_USER', NULL);
INSERT INTO comtnmenucreatdtls (menu_no, author_code, mapng_creat_id) VALUES (1030000, 'ROLE_USER', NULL);
INSERT INTO comtnmenucreatdtls (menu_no, author_code, mapng_creat_id) VALUES (1040000, 'ROLE_USER', NULL);
INSERT INTO comtnmenucreatdtls (menu_no, author_code, mapng_creat_id) VALUES (1050000, 'ROLE_USER', NULL);
INSERT INTO comtnmenucreatdtls (menu_no, author_code, mapng_creat_id) VALUES (1060000, 'ROLE_USER', NULL);
INSERT INTO comtnmenucreatdtls (menu_no, author_code, mapng_creat_id) VALUES (1070000, 'ROLE_USER', NULL);
INSERT INTO comtnmenucreatdtls (menu_no, author_code, mapng_creat_id) VALUES (1080000, 'ROLE_USER', NULL);
INSERT INTO comtnmenucreatdtls (menu_no, author_code, mapng_creat_id) VALUES (1090000, 'ROLE_USER', NULL);
INSERT INTO comtnmenucreatdtls (menu_no, author_code, mapng_creat_id) VALUES (1110000, 'ROLE_USER', NULL);

/* ------------------------------------------------------------------------------------------------------------------------------------------------- */





/* 프로그램목록 */
INSERT INTO COMTNPROGRMLIST (PROGRM_FILE_NM, PROGRM_STRE_PATH, PROGRM_KOREAN_NM, PROGRM_DC, URL) VALUES ('SelectLoginLogList', '/sym/log/clg/', '접속로그관리', '접속로그관리', '/sym/log/clg/SelectLoginLogList.do');
INSERT INTO COMTNPROGRMLIST (PROGRM_FILE_NM, PROGRM_STRE_PATH, PROGRM_KOREAN_NM, PROGRM_DC, URL) VALUES ('EgovMenuListSelect', '/sym/mnu/mpm/', '메뉴리스트관리', '메뉴리스트관리', '/sym/mnu/mpm/EgovMenuListSelect.do');
INSERT INTO COMTNPROGRMLIST (PROGRM_FILE_NM, PROGRM_STRE_PATH, PROGRM_KOREAN_NM, PROGRM_DC, URL) VALUES ('EgovMenuManageSelect', '/sym/mnu/mpm/', '메뉴관리리스트', '메뉴관리리스트', '/sym/mnu/mpm/EgovMenuManageSelect.do');
INSERT INTO COMTNPROGRMLIST (PROGRM_FILE_NM, PROGRM_STRE_PATH, PROGRM_KOREAN_NM, PROGRM_DC, URL) VALUES ('EgovMenuCreatManageSelect', '/sym/mnu/mcm/', '메뉴생성관리', '메뉴생성관리', '/sym/mnu/mcm/EgovMenuCreatManageSelect.do');
INSERT INTO COMTNPROGRMLIST (PROGRM_FILE_NM, PROGRM_STRE_PATH, PROGRM_KOREAN_NM, PROGRM_DC, URL) VALUES ('EgovSiteMapng', '/sym/mnu/stm/', '사이트맵', '사이트맵', '/sym/mnu/stm/EgovSiteMapng.do');
INSERT INTO COMTNPROGRMLIST (PROGRM_FILE_NM, PROGRM_STRE_PATH, PROGRM_KOREAN_NM, PROGRM_DC, URL) VALUES ('selectBkmkMenuManageList', '/sym/mnu/bmm/', '바로가기메뉴관리', '바로가기메뉴관리', '/sym/mnu/bmm/selectBkmkMenuManageList.do');
INSERT INTO COMTNPROGRMLIST (PROGRM_FILE_NM, PROGRM_STRE_PATH, PROGRM_KOREAN_NM, PROGRM_DC, URL) VALUES ('EgovProgramListManageSelect', '/sym/prm/', '프로그램관리', '프로그램관리', '/sym/prm/EgovProgramListManageSelect.do');
INSERT INTO COMTNPROGRMLIST (PROGRM_FILE_NM, PROGRM_STRE_PATH, PROGRM_KOREAN_NM, PROGRM_DC, URL) VALUES ('EgovProgramChangeRequstSelect', '/sym/prm/', '프로그램변경요청관리', '프로그램변경요청관리', '/sym/prm/EgovProgramChangeRequstSelect.do');
INSERT INTO COMTNPROGRMLIST (PROGRM_FILE_NM, PROGRM_STRE_PATH, PROGRM_KOREAN_NM, PROGRM_DC, URL) VALUES ('EgovProgramChangeRequstProcessListSelect', '/sym/prm/', '프로그램변경요청처리', '프로그램변경요청처리', '/sym/prm/EgovProgramChangeRequstProcessListSelect.do');
INSERT INTO COMTNPROGRMLIST (PROGRM_FILE_NM, PROGRM_STRE_PATH, PROGRM_KOREAN_NM, PROGRM_DC, URL) VALUES ('EgovProgramChgHstListSelect', '/sym/prm/', '프로그램변경이력', '프로그램변경이력', '/sym/prm/EgovProgramChgHstListSelect.do');
INSERT INTO COMTNPROGRMLIST (PROGRM_FILE_NM, PROGRM_STRE_PATH, PROGRM_KOREAN_NM, PROGRM_DC, URL) VALUES ('getBatchOpertList', '/sym/bat/', '배치작업관리', '배치작업관리', '/sym/bat/getBatchOpertList.do');
INSERT INTO COMTNPROGRMLIST (PROGRM_FILE_NM, PROGRM_STRE_PATH, PROGRM_KOREAN_NM, PROGRM_DC, URL) VALUES ('getBatchResultList', '/sym/bat/', '배치결과관리', '배치결과관리', '/sym/bat/getBatchResultList.do');
INSERT INTO COMTNPROGRMLIST (PROGRM_FILE_NM, PROGRM_STRE_PATH, PROGRM_KOREAN_NM, PROGRM_DC, URL) VALUES ('getBatchSchdulList', '/sym/bat/', '스케줄처리', '스케줄처리', '/sym/bat/getBatchSchdulList.do');
INSERT INTO COMTNPROGRMLIST (PROGRM_FILE_NM, PROGRM_STRE_PATH, PROGRM_KOREAN_NM, PROGRM_DC, URL) VALUES ('getBackupOpertList', '/sym/sym/bak/', '백업관리', '백업관리', '/sym/sym/bak/getBackupOpertList.do');
INSERT INTO COMTNPROGRMLIST (PROGRM_FILE_NM, PROGRM_STRE_PATH, PROGRM_KOREAN_NM, PROGRM_DC, URL) VALUES ('getBackupResultList', '/sym/sym/bak/', '백업결과관리', '백업결과관리', '/sym/sym/bak/getBackupResultList.do');
INSERT INTO COMTNPROGRMLIST (PROGRM_FILE_NM, PROGRM_STRE_PATH, PROGRM_KOREAN_NM, PROGRM_DC, URL) VALUES ('selectNtwrkList', '/sym/sym/nwk/', '네트워크관리', '네트워크관리', '/sym/sym/nwk/selectNtwrkList.do');
INSERT INTO COMTNPROGRMLIST (PROGRM_FILE_NM, PROGRM_STRE_PATH, PROGRM_KOREAN_NM, PROGRM_DC, URL) VALUES ('selectServerEqpmnList', '/sym/sym/srv/', '서버정보관리', '서버정보관리', '/sym/sym/srv/selectServerEqpmnList.do');
INSERT INTO COMTNPROGRMLIST (PROGRM_FILE_NM, PROGRM_STRE_PATH, PROGRM_KOREAN_NM, PROGRM_DC, URL) VALUES ('selectServerList', '/sym/sym/srv/', '서버(S/W)목록', '서버(S/W)목록', '/sym/sym/srv/selectServerList.do');
INSERT INTO COMTNPROGRMLIST (PROGRM_FILE_NM, PROGRM_STRE_PATH, PROGRM_KOREAN_NM, PROGRM_DC, URL) VALUES ('selectTroblReqstList', '/sym/tbm/tbr/', '장애신청관리', '장애신청관리', '/sym/tbm/tbr/selectTroblReqstList.do');
INSERT INTO COMTNPROGRMLIST (PROGRM_FILE_NM, PROGRM_STRE_PATH, PROGRM_KOREAN_NM, PROGRM_DC, URL) VALUES ('selectTroblProcessList', '/sym/tbm/tbp/', '장애처리결과관리', '장애처리결과관리', '/sym/tbm/tbp/selectTroblProcessList.do');
INSERT INTO COMTNPROGRMLIST (PROGRM_FILE_NM, PROGRM_STRE_PATH, PROGRM_KOREAN_NM, PROGRM_DC, URL) VALUES ('EgovVcatnManageList', '/uss/ion/vct/', '휴가관리', '휴가관리', '/uss/ion/vct/EgovVcatnManageList.do');
INSERT INTO COMTNPROGRMLIST (PROGRM_FILE_NM, PROGRM_STRE_PATH, PROGRM_KOREAN_NM, PROGRM_DC, URL) VALUES ('EgovVcatnConfmList', '/uss/ion/vct/', '휴가승인관리', '휴가승인관리', '/uss/ion/vct/EgovVcatnConfmList.do');
INSERT INTO COMTNPROGRMLIST (PROGRM_FILE_NM, PROGRM_STRE_PATH, PROGRM_KOREAN_NM, PROGRM_DC, URL) VALUES ('EgovBndtManageList', '/uss/ion/bnt/', '당직관리', '당직관리', '/uss/ion/bnt/EgovBndtManageList.do');
INSERT INTO COMTNPROGRMLIST (PROGRM_FILE_NM, PROGRM_STRE_PATH, PROGRM_KOREAN_NM, PROGRM_DC, URL) VALUES ('EgovBndtCeckManageList', '/uss/ion/bnt/', '당직체크관리', '당직체크관리', '/uss/ion/bnt/EgovBndtCeckManageList.do');
INSERT INTO COMTNPROGRMLIST (PROGRM_FILE_NM, PROGRM_STRE_PATH, PROGRM_KOREAN_NM, PROGRM_DC, URL) VALUES ('selectRwardManageList', '/uss/ion/rwd/', '포상관리', '포상관리', '/uss/ion/rwd/selectRwardManageList.do');
INSERT INTO COMTNPROGRMLIST (PROGRM_FILE_NM, PROGRM_STRE_PATH, PROGRM_KOREAN_NM, PROGRM_DC, URL) VALUES ('EgovRwardConfmList', '/uss/ion/rwd/', '포상승인관리', '포상승인관리', '/uss/ion/rwd/EgovRwardConfmList.do');
INSERT INTO COMTNPROGRMLIST (PROGRM_FILE_NM, PROGRM_STRE_PATH, PROGRM_KOREAN_NM, PROGRM_DC, URL) VALUES ('selectAnnvrsryManageList', '/uss/ion/ans/', '기념일관리', '기념일관리', '/uss/ion/ans/selectAnnvrsryManageList.do');
INSERT INTO COMTNPROGRMLIST (PROGRM_FILE_NM, PROGRM_STRE_PATH, PROGRM_KOREAN_NM, PROGRM_DC, URL) VALUES ('selectAnnvrsryMainList', '/uss/ion/ans/', '기념일목록(확인용)', '기념일목록(확인용)', '/uss/ion/ans/selectAnnvrsryMainList.do');
INSERT INTO COMTNPROGRMLIST (PROGRM_FILE_NM, PROGRM_STRE_PATH, PROGRM_KOREAN_NM, PROGRM_DC, URL) VALUES ('EgovEventReqstManageList', '/uss/ion/evt/', '행사신청관리', '행사신청관리', '/uss/ion/evt/EgovEventReqstManageList.do');
INSERT INTO COMTNPROGRMLIST (PROGRM_FILE_NM, PROGRM_STRE_PATH, PROGRM_KOREAN_NM, PROGRM_DC, URL) VALUES ('EgovEventRcrptManageList', '/uss/ion/evt/', '행사접수관리', '행사접수관리', '/uss/ion/evt/EgovEventRcrptManageList.do');
INSERT INTO COMTNPROGRMLIST (PROGRM_FILE_NM, PROGRM_STRE_PATH, PROGRM_KOREAN_NM, PROGRM_DC, URL) VALUES ('selectEventRceptConfmList', '/uss/ion/evt/', '행사접수승인관리', '행사접수승인관리', '/uss/ion/evt/selectEventRceptConfmList.do');
INSERT INTO COMTNPROGRMLIST (PROGRM_FILE_NM, PROGRM_STRE_PATH, PROGRM_KOREAN_NM, PROGRM_DC, URL) VALUES ('EgovCcmCmmnClCodeList', '/sym/ccm/ccc/', '공통분류코드', '공통분류코드', '/sym/ccm/ccc/EgovCcmCmmnClCodeList.do');
INSERT INTO COMTNPROGRMLIST (PROGRM_FILE_NM, PROGRM_STRE_PATH, PROGRM_KOREAN_NM, PROGRM_DC, URL) VALUES ('EgovCcmCmmnDetailCodeList', '/sym/ccm/cde/', '공통상세코드', '공통상세코드', '/sym/ccm/cde/EgovCcmCmmnDetailCodeList.do');
INSERT INTO COMTNPROGRMLIST (PROGRM_FILE_NM, PROGRM_STRE_PATH, PROGRM_KOREAN_NM, PROGRM_DC, URL) VALUES ('EgovCcmCmmnCodeList', '/sym/ccm/cca/', '공통코드', '공통코드', '/sym/ccm/cca/EgovCcmCmmnCodeList.do');
INSERT INTO COMTNPROGRMLIST (PROGRM_FILE_NM, PROGRM_STRE_PATH, PROGRM_KOREAN_NM, PROGRM_DC, URL) VALUES ('EgovCcmZipList', '/sym/ccm/zip/', '우편번호관리', '우편번호관리', '/sym/ccm/zip/EgovCcmZipList.do');
INSERT INTO COMTNPROGRMLIST (PROGRM_FILE_NM, PROGRM_STRE_PATH, PROGRM_KOREAN_NM, PROGRM_DC, URL) VALUES ('EgovCcmAdministCodeList', '/sym/ccm/adc/', '행정코드관리', '행정코드관리', '/sym/ccm/adc/EgovCcmAdministCodeList.do');
INSERT INTO COMTNPROGRMLIST (PROGRM_FILE_NM, PROGRM_STRE_PATH, PROGRM_KOREAN_NM, PROGRM_DC, URL) VALUES ('getInsttCodeRecptnList', '/sym/ccm/icr/', '기관코드수신', '기관코드수신', '/sym/ccm/icr/getInsttCodeRecptnList.do');
INSERT INTO COMTNPROGRMLIST (PROGRM_FILE_NM, PROGRM_STRE_PATH, PROGRM_KOREAN_NM, PROGRM_DC, URL) VALUES ('SelectSysLogList', '/sym/log/lgm/', '로그관리', '로그관리', '/sym/log/lgm/SelectSysLogList.do');
INSERT INTO COMTNPROGRMLIST (PROGRM_FILE_NM, PROGRM_STRE_PATH, PROGRM_KOREAN_NM, PROGRM_DC, URL) VALUES ('SelectUserLogList', '/sym/log/ulg/', '사용로그관리', '사용로그관리', '/sym/log/ulg/SelectUserLogList.do');
INSERT INTO COMTNPROGRMLIST (PROGRM_FILE_NM, PROGRM_STRE_PATH, PROGRM_KOREAN_NM, PROGRM_DC, URL) VALUES ('SelectTrsmrcvLogList', '/sym/log/tlg/', '송/수신로그관리', '송/수신로그관리', '/sym/log/tlg/SelectTrsmrcvLogList.do');
INSERT INTO COMTNPROGRMLIST (PROGRM_FILE_NM, PROGRM_STRE_PATH, PROGRM_KOREAN_NM, PROGRM_DC, URL) VALUES ('SelectSysHistoryList', '/sym/log/slg/', '시스템이력관리', '시스템이력관리', '/sym/log/slg/SelectSysHistoryList.do');
INSERT INTO COMTNPROGRMLIST (PROGRM_FILE_NM, PROGRM_STRE_PATH, PROGRM_KOREAN_NM, PROGRM_DC, URL) VALUES ('SelectWebLogList', '/sym/log/wlg/', '웹로그관리', '웹로그관리', '/sym/log/wlg/SelectWebLogList.do');
INSERT INTO COMTNPROGRMLIST (PROGRM_FILE_NM, PROGRM_STRE_PATH, PROGRM_KOREAN_NM, PROGRM_DC, URL) VALUES ('listPopup', '/uss/ion/pwm/', '팝업창관리', '팝업창관리', '/uss/ion/pwm/listPopup.do');
INSERT INTO COMTNPROGRMLIST (PROGRM_FILE_NM, PROGRM_STRE_PATH, PROGRM_KOREAN_NM, PROGRM_DC, URL) VALUES ('selectNotificationList', '/uss/ion/noi/', '정보알림이', '정보알림이', '/uss/ion/noi/selectNotificationList.do');
INSERT INTO COMTNPROGRMLIST (PROGRM_FILE_NM, PROGRM_STRE_PATH, PROGRM_KOREAN_NM, PROGRM_DC, URL) VALUES ('selectBannerList', '/uss/ion/bnr/', '배너관리', '배너관리', '/uss/ion/bnr/selectBannerList.do');
INSERT INTO COMTNPROGRMLIST (PROGRM_FILE_NM, PROGRM_STRE_PATH, PROGRM_KOREAN_NM, PROGRM_DC, URL) VALUES ('selectBannerMainList', '/uss/ion/bnr/', 'MYPAGE배너관리', 'MYPAGE배너관리', '/uss/ion/bnr/selectBannerMainList.do');
INSERT INTO COMTNPROGRMLIST (PROGRM_FILE_NM, PROGRM_STRE_PATH, PROGRM_KOREAN_NM, PROGRM_DC, URL) VALUES ('selectLoginScrinImageList', '/uss/ion/lsi/', '로그인화면이미지관리', '로그인화면이미지관리', '/uss/ion/lsi/selectLoginScrinImageList.do');
INSERT INTO COMTNPROGRMLIST (PROGRM_FILE_NM, PROGRM_STRE_PATH, PROGRM_KOREAN_NM, PROGRM_DC, URL) VALUES ('listRecentSrchwrd', '/uss/ion/rsm/', '최근검색어 목록', '최근검색어 목록', '/uss/ion/rsm/listRecentSrchwrd.do');
INSERT INTO COMTNPROGRMLIST (PROGRM_FILE_NM, PROGRM_STRE_PATH, PROGRM_KOREAN_NM, PROGRM_DC, URL) VALUES ('selectMainImageList', '/uss/ion/msi/', '메인이미지관리', '메인이미지관리', '/uss/ion/msi/selectMainImageList.do');
INSERT INTO COMTNPROGRMLIST (PROGRM_FILE_NM, PROGRM_STRE_PATH, PROGRM_KOREAN_NM, PROGRM_DC, URL) VALUES ('getMainImageResult', '/uss/ion/msi/', '메인이미지 반영결과보기', '메인이미지 반영결과보기', '/uss/ion/msi/getMainImageResult.do');
INSERT INTO COMTNPROGRMLIST (PROGRM_FILE_NM, PROGRM_STRE_PATH, PROGRM_KOREAN_NM, PROGRM_DC, URL) VALUES ('listUnityLink', '/uss/ion/ulm/', '통합링크관리', '통합링크관리', '/uss/ion/ulm/listUnityLink.do');
INSERT INTO COMTNPROGRMLIST (PROGRM_FILE_NM, PROGRM_STRE_PATH, PROGRM_KOREAN_NM, PROGRM_DC, URL) VALUES ('selectUserAbsnceListView', '/uss/ion/uas/', '사용자부재관리', '사용자부재관리', '/uss/ion/uas/selectUserAbsnceListView.do');
INSERT INTO COMTNPROGRMLIST (PROGRM_FILE_NM, PROGRM_STRE_PATH, PROGRM_KOREAN_NM, PROGRM_DC, URL) VALUES ('selectIntnetSvcGuidanceList', '/uss/ion/isg/', '인터넷서비스안내및관리', '인터넷서비스안내및관리', '/uss/ion/isg/selectIntnetSvcGuidanceList.do');
INSERT INTO COMTNPROGRMLIST (PROGRM_FILE_NM, PROGRM_STRE_PATH, PROGRM_KOREAN_NM, PROGRM_DC, URL) VALUES ('listWikiBookmark', '/uss/ion/wik/bmk/', 'Wiki기능', 'Wiki기능', '/uss/ion/wik/bmk/listWikiBookmark.do');
INSERT INTO COMTNPROGRMLIST (PROGRM_FILE_NM, PROGRM_STRE_PATH, PROGRM_KOREAN_NM, PROGRM_DC, URL) VALUES ('listRssTagManage', '/uss/ion/rss/', 'RSS태그관리', 'RSS태그관리', '/uss/ion/rss/listRssTagManage.do');
INSERT INTO COMTNPROGRMLIST (PROGRM_FILE_NM, PROGRM_STRE_PATH, PROGRM_KOREAN_NM, PROGRM_DC, URL) VALUES ('listRssTagService', '/uss/ion/rsn/', 'RSS태그서비스', 'RSS태그서비스', '/uss/ion/rsn/listRssTagService.do');
INSERT INTO COMTNPROGRMLIST (PROGRM_FILE_NM, PROGRM_STRE_PATH, PROGRM_KOREAN_NM, PROGRM_DC, URL) VALUES ('selectTwitterMain', '/uss/ion/tir/', 'Twitter연동', 'Twitter연동', '/uss/ion/tir/selectTwitterMain.do');
INSERT INTO COMTNPROGRMLIST (PROGRM_FILE_NM, PROGRM_STRE_PATH, PROGRM_KOREAN_NM, PROGRM_DC, URL) VALUES ('registEgovNoteManage', '/uss/ion/ntm/', '쪽지관리', '쪽지관리', '/uss/ion/ntm/registEgovNoteManage.do');
INSERT INTO COMTNPROGRMLIST (PROGRM_FILE_NM, PROGRM_STRE_PATH, PROGRM_KOREAN_NM, PROGRM_DC, URL) VALUES ('listNoteRecptn', '/uss/ion/ntr/', '받은쪽지함관리', '받은쪽지함관리', '/uss/ion/ntr/listNoteRecptn.do');
INSERT INTO COMTNPROGRMLIST (PROGRM_FILE_NM, PROGRM_STRE_PATH, PROGRM_KOREAN_NM, PROGRM_DC, URL) VALUES ('listNoteTrnsmit', '/uss/ion/nts/', '보낸쪽지함관리', '보낸쪽지함관리', '/uss/ion/nts/listNoteTrnsmit.do');
INSERT INTO COMTNPROGRMLIST (PROGRM_FILE_NM, PROGRM_STRE_PATH, PROGRM_KOREAN_NM, PROGRM_DC, URL) VALUES ('selectMtgPlaceManageList', '/uss/ion/mtg/', '회의실관리', '회의실관리', '/uss/ion/mtg/selectMtgPlaceManageList.do');
INSERT INTO COMTNPROGRMLIST (PROGRM_FILE_NM, PROGRM_STRE_PATH, PROGRM_KOREAN_NM, PROGRM_DC, URL) VALUES ('selectMtgPlaceResveManageList', '/uss/ion/mtg/', '회의실예약관리', '회의실예약관리', '/uss/ion/mtg/selectMtgPlaceResveManageList.do');
INSERT INTO COMTNPROGRMLIST (PROGRM_FILE_NM, PROGRM_STRE_PATH, PROGRM_KOREAN_NM, PROGRM_DC, URL) VALUES ('selectCtsnnManageList', '/uss/ion/ctn/', '직원경조사관리', '직원경조사관리', '/uss/ion/ctn/selectCtsnnManageList.do');
INSERT INTO COMTNPROGRMLIST (PROGRM_FILE_NM, PROGRM_STRE_PATH, PROGRM_KOREAN_NM, PROGRM_DC, URL) VALUES ('EgovCtsnnConfmList', '/uss/ion/ctn/', '직원경조사승인관리', '직원경조사승인관리', '/uss/ion/ctn/EgovCtsnnConfmList.do');
INSERT INTO COMTNPROGRMLIST (PROGRM_FILE_NM, PROGRM_STRE_PATH, PROGRM_KOREAN_NM, PROGRM_DC, URL) VALUES ('QnaAnswerListInqire', '/uss/olh/qnm/', 'Q&amp;A답변관리', 'Q&amp;A답변관리', '/uss/olh/qnm/QnaAnswerListInqire.do');
INSERT INTO COMTNPROGRMLIST (PROGRM_FILE_NM, PROGRM_STRE_PATH, PROGRM_KOREAN_NM, PROGRM_DC, URL) VALUES ('listAdministrationWord', '/uss/olh/awm/', '행정전문용어사전', '행정전문용어사전', '/uss/olh/awm/listAdministrationWord.do');
INSERT INTO COMTNPROGRMLIST (PROGRM_FILE_NM, PROGRM_STRE_PATH, PROGRM_KOREAN_NM, PROGRM_DC, URL) VALUES ('listAdministrationWordManage', '/uss/olh/awm/', '행정전문용어사전관리', '행정전문용어사전관리', '/uss/olh/awm/listAdministrationWordManage.do');
INSERT INTO COMTNPROGRMLIST (PROGRM_FILE_NM, PROGRM_STRE_PATH, PROGRM_KOREAN_NM, PROGRM_DC, URL) VALUES ('listOnlineManual', '/uss/olh/omm/', '온라인매뉴얼', '온라인매뉴얼', '/uss/olh/omm/selectOnlineManualList.do');
INSERT INTO COMTNPROGRMLIST (PROGRM_FILE_NM, PROGRM_STRE_PATH, PROGRM_KOREAN_NM, PROGRM_DC, URL) VALUES ('OnlineManualUserList', '/uss/olh/omn/', '사용자온라인매뉴얼', '사용자온라인매뉴얼', '/uss/olh/omn/selectOnlineManualList.do');
INSERT INTO COMTNPROGRMLIST (PROGRM_FILE_NM, PROGRM_STRE_PATH, PROGRM_KOREAN_NM, PROGRM_DC, URL) VALUES ('CnsltListInqire', '/uss/olp/cns/', '상담관리', '상담관리', '/uss/olp/cns/CnsltListInqire.do');
INSERT INTO COMTNPROGRMLIST (PROGRM_FILE_NM, PROGRM_STRE_PATH, PROGRM_KOREAN_NM, PROGRM_DC, URL) VALUES ('CnsltAnswerListInqire', '/uss/olp/cnm/', '상담답변관리', '상담답변관리', '/uss/olp/cnm/CnsltAnswerListInqire.do');
INSERT INTO COMTNPROGRMLIST (PROGRM_FILE_NM, PROGRM_STRE_PATH, PROGRM_KOREAN_NM, PROGRM_DC, URL) VALUES ('EgovQustnrManageList', '/uss/olp/qmc/', '설문관리', '설문관리', '/uss/olp/qmc/EgovQustnrManageList.do');
INSERT INTO COMTNPROGRMLIST (PROGRM_FILE_NM, PROGRM_STRE_PATH, PROGRM_KOREAN_NM, PROGRM_DC, URL) VALUES ('EgovQustnrRespondInfoManageList', '/uss/olp/qnn/', '설문조사', '설문조사', '/uss/olp/qnn/EgovQustnrRespondInfoManageList.do');
INSERT INTO COMTNPROGRMLIST (PROGRM_FILE_NM, PROGRM_STRE_PATH, PROGRM_KOREAN_NM, PROGRM_DC, URL) VALUES ('EgovQustnrTmplatManageList', '/uss/olp/qtm/', '설문템플릿관리', '설문템플릿관리', '/uss/olp/qtm/EgovQustnrTmplatManageList.do');
INSERT INTO COMTNPROGRMLIST (PROGRM_FILE_NM, PROGRM_STRE_PATH, PROGRM_KOREAN_NM, PROGRM_DC, URL) VALUES ('EgovQustnrRespondManageList', '/uss/olp/qrm/', '응답자관리', '응답자관리', '/uss/olp/qrm/EgovQustnrRespondManageList.do');
INSERT INTO COMTNPROGRMLIST (PROGRM_FILE_NM, PROGRM_STRE_PATH, PROGRM_KOREAN_NM, PROGRM_DC, URL) VALUES ('EgovQustnrQestnManageList', '/uss/olp/qqm/', '질문관리', '질문관리', '/uss/olp/qqm/EgovQustnrQestnManageList.do');
INSERT INTO COMTNPROGRMLIST (PROGRM_FILE_NM, PROGRM_STRE_PATH, PROGRM_KOREAN_NM, PROGRM_DC, URL) VALUES ('EgovQustnrItemManageList', '/uss/olp/qim/', '항목관리', '항목관리', '/uss/olp/qim/EgovQustnrItemManageList.do');
INSERT INTO COMTNPROGRMLIST (PROGRM_FILE_NM, PROGRM_STRE_PATH, PROGRM_KOREAN_NM, PROGRM_DC, URL) VALUES ('EgovMeetingManageList', '/uss/olp/mgt/', '회의관리', '회의관리', '/uss/olp/mgt/EgovMeetingManageList.do');
INSERT INTO COMTNPROGRMLIST (PROGRM_FILE_NM, PROGRM_STRE_PATH, PROGRM_KOREAN_NM, PROGRM_DC, URL) VALUES ('listOnlinePollManage', '/uss/olp/opm/', '온라인poll관리', '온라인poll관리', '/uss/olp/opm/listOnlinePollManage.do');
INSERT INTO COMTNPROGRMLIST (PROGRM_FILE_NM, PROGRM_STRE_PATH, PROGRM_KOREAN_NM, PROGRM_DC, URL) VALUES ('listOnlinePollPartcptn', '/uss/olp/opp/', '온라인poll참여', '온라인poll참여', '/uss/olp/opp/listOnlinePollPartcptn.do');
INSERT INTO COMTNPROGRMLIST (PROGRM_FILE_NM, PROGRM_STRE_PATH, PROGRM_KOREAN_NM, PROGRM_DC, URL) VALUES ('NewsInfoListInqire', '/uss/ion/nws/', '뉴스관리', '뉴스관리', '/uss/ion/nws/NewsInfoListInqire.do');
INSERT INTO COMTNPROGRMLIST (PROGRM_FILE_NM, PROGRM_STRE_PATH, PROGRM_KOREAN_NM, PROGRM_DC, URL) VALUES ('SiteListInqire', '/uss/ion/sit/', '사이트관리', '사이트관리', '/uss/ion/sit/SiteListInqire.do');
INSERT INTO COMTNPROGRMLIST (PROGRM_FILE_NM, PROGRM_STRE_PATH, PROGRM_KOREAN_NM, PROGRM_DC, URL) VALUES ('RecomendSiteListInqire', '/uss/ion/rec/', '추천사이트관리', '추천사이트관리', '/uss/ion/rec/RecomendSiteListInqire.do');
INSERT INTO COMTNPROGRMLIST (PROGRM_FILE_NM, PROGRM_STRE_PATH, PROGRM_KOREAN_NM, PROGRM_DC, URL) VALUES ('EgovEventCmpgnList', '/uss/ion/ecc/', '행사/이벤트/캠페인', '행사/이벤트/캠페인', '/uss/ion/ecc/EgovEventCmpgnList.do');
INSERT INTO COMTNPROGRMLIST (PROGRM_FILE_NM, PROGRM_STRE_PATH, PROGRM_KOREAN_NM, PROGRM_DC, URL) VALUES ('EgovTnextrlHrInfoList', '/uss/ion/ecc/', '외부인사정보', '외부인사정보', '/uss/ion/ecc/EgovTnextrlHrInfoList.do');
INSERT INTO COMTNPROGRMLIST (PROGRM_FILE_NM, PROGRM_STRE_PATH, PROGRM_KOREAN_NM, PROGRM_DC, URL) VALUES ('selectSndngMailList', '/cop/ems/', '발송메일내역', '발송메일내역', '/cop/ems/selectSndngMailList.do');
INSERT INTO COMTNPROGRMLIST (PROGRM_FILE_NM, PROGRM_STRE_PATH, PROGRM_KOREAN_NM, PROGRM_DC, URL) VALUES ('selectNcrdInfs', '/cop/ncm/', '명함관리', '명함관리', '/cop/ncm/selectNcrdInfs.do');
INSERT INTO COMTNPROGRMLIST (PROGRM_FILE_NM, PROGRM_STRE_PATH, PROGRM_KOREAN_NM, PROGRM_DC, URL) VALUES ('selectMyNcrdUseInf', '/cop/ncm/', '내명함목록', '내명함목록', '/cop/ncm/selectMyNcrdUseInf.do');
INSERT INTO COMTNPROGRMLIST (PROGRM_FILE_NM, PROGRM_STRE_PATH, PROGRM_KOREAN_NM, PROGRM_DC, URL) VALUES ('selectAdbkList', '/cop/adb/', '주소록관리', '주소록관리', '/cop/adb/selectAdbkList.do');
INSERT INTO COMTNPROGRMLIST (PROGRM_FILE_NM, PROGRM_STRE_PATH, PROGRM_KOREAN_NM, PROGRM_DC, URL) VALUES ('selectLeaderSchdulList', '/cop/smt/lsm/usr/', '간부일정관리', '간부일정관리', '/cop/smt/lsm/usr/selectLeaderSchdulList.do');
INSERT INTO COMTNPROGRMLIST (PROGRM_FILE_NM, PROGRM_STRE_PATH, PROGRM_KOREAN_NM, PROGRM_DC, URL) VALUES ('selectDeptJobBxList', '/cop/smt/djm/', '부서업무함관리', '부서업무함관리', '/cop/smt/djm/selectDeptJobBxList.do');
INSERT INTO COMTNPROGRMLIST (PROGRM_FILE_NM, PROGRM_STRE_PATH, PROGRM_KOREAN_NM, PROGRM_DC, URL) VALUES ('selectDeptJobList', '/cop/smt/djm/', '부서업무정보', '부서업무정보', '/cop/smt/djm/selectDeptJobList.do');
INSERT INTO COMTNPROGRMLIST (PROGRM_FILE_NM, PROGRM_STRE_PATH, PROGRM_KOREAN_NM, PROGRM_DC, URL) VALUES ('selectWikMnthngReprtList', '/cop/smt/wmr/', '주간/월간보고관리', '주간/월간보고관리', '/cop/smt/wmr/selectWikMnthngReprtList.do');
INSERT INTO COMTNPROGRMLIST (PROGRM_FILE_NM, PROGRM_STRE_PATH, PROGRM_KOREAN_NM, PROGRM_DC, URL) VALUES ('selectMemoTodoList', '/cop/smt/mtm/', '메모할일관리', '메모할일관리', '/cop/smt/mtm/selectMemoTodoList.do');
INSERT INTO COMTNPROGRMLIST (PROGRM_FILE_NM, PROGRM_STRE_PATH, PROGRM_KOREAN_NM, PROGRM_DC, URL) VALUES ('selectMemoReprtList', '/cop/smt/mrm/', '메모보고', '메모보고', '/cop/smt/mrm/selectMemoReprtList.do');
INSERT INTO COMTNPROGRMLIST (PROGRM_FILE_NM, PROGRM_STRE_PATH, PROGRM_KOREAN_NM, PROGRM_DC, URL) VALUES ('EgovEntrprsMberManage', '/uss/umt/', '기업회원관리', '기업회원관리', '/uss/umt/EgovEntrprsMberManage.do');
INSERT INTO COMTNPROGRMLIST (PROGRM_FILE_NM, PROGRM_STRE_PATH, PROGRM_KOREAN_NM, PROGRM_DC, URL) VALUES ('EgovUserManage', '/uss/umt/', '업무사용자관리', '업무사용자관리', '/uss/umt/EgovUserManage.do');
INSERT INTO COMTNPROGRMLIST (PROGRM_FILE_NM, PROGRM_STRE_PATH, PROGRM_KOREAN_NM, PROGRM_DC, URL) VALUES ('selectDeptManageListView', '/uss/umt/dpt/', '부서관리', '부서관리', '/uss/umt/dpt/selectDeptManageListView.do');
INSERT INTO COMTNPROGRMLIST (PROGRM_FILE_NM, PROGRM_STRE_PATH, PROGRM_KOREAN_NM, PROGRM_DC, URL) VALUES ('EgovMberManage', '/uss/umt/', '일반회원관리', '일반회원관리', '/uss/umt/EgovMberManage.do');
INSERT INTO COMTNPROGRMLIST (PROGRM_FILE_NM, PROGRM_STRE_PATH, PROGRM_KOREAN_NM, PROGRM_DC, URL) VALUES ('EgovIndvdlpgeCntntsList', '/uss/mpe/', '마이페이지관리', '마이페이지관리', '/uss/mpe/EgovIndvdlpgeCntntsList.do');
INSERT INTO COMTNPROGRMLIST (PROGRM_FILE_NM, PROGRM_STRE_PATH, PROGRM_KOREAN_NM, PROGRM_DC, URL) VALUES ('StplatListInqire', '/uss/sam/stp/', '약관관리', '약관관리', '/uss/sam/stp/StplatListInqire.do');
INSERT INTO COMTNPROGRMLIST (PROGRM_FILE_NM, PROGRM_STRE_PATH, PROGRM_KOREAN_NM, PROGRM_DC, URL) VALUES ('CpyrhtPrtcPolicyListInqire', '/uss/sam/cpy/', '저작권보호정책', '저작권보호정책', '/uss/sam/cpy/CpyrhtPrtcPolicyListInqire.do');
INSERT INTO COMTNPROGRMLIST (PROGRM_FILE_NM, PROGRM_STRE_PATH, PROGRM_KOREAN_NM, PROGRM_DC, URL) VALUES ('listIndvdlInfoPolicy', '/uss/sam/ipm/', '개인정보보호정책확인', '개인정보보호정책확인', '/uss/sam/ipm/listIndvdlInfoPolicy.do');
INSERT INTO COMTNPROGRMLIST (PROGRM_FILE_NM, PROGRM_STRE_PATH, PROGRM_KOREAN_NM, PROGRM_DC, URL) VALUES ('HpcmListInqire', '/uss/olh/hpc/', '도움말', '도움말', '/uss/olh/hpc/HpcmListInqire.do');
INSERT INTO COMTNPROGRMLIST (PROGRM_FILE_NM, PROGRM_STRE_PATH, PROGRM_KOREAN_NM, PROGRM_DC, URL) VALUES ('WordDicaryListInqire', '/uss/olh/wor/', '용어사전', '용어사전', '/uss/olh/wor/WordDicaryListInqire.do');
INSERT INTO COMTNPROGRMLIST (PROGRM_FILE_NM, PROGRM_STRE_PATH, PROGRM_KOREAN_NM, PROGRM_DC, URL) VALUES ('FaqListInqire', '/uss/olh/faq/', 'FAQ관리', 'FAQ관리', '/uss/olh/faq/FaqListInqire.do');
INSERT INTO COMTNPROGRMLIST (PROGRM_FILE_NM, PROGRM_STRE_PATH, PROGRM_KOREAN_NM, PROGRM_DC, URL) VALUES ('QnaListInqire', '/uss/olh/qna/', 'Q&amp;A관리', 'Q&amp;A관리', '/uss/olh/qna/QnaListInqire.do');
INSERT INTO COMTNPROGRMLIST (PROGRM_FILE_NM, PROGRM_STRE_PATH, PROGRM_KOREAN_NM, PROGRM_DC, URL) VALUES ('dir', 'dir', '디렉토리', '디렉토리', 'dir');
INSERT INTO COMTNPROGRMLIST (PROGRM_FILE_NM, PROGRM_STRE_PATH, PROGRM_KOREAN_NM, PROGRM_DC, URL) VALUES ('egovLoginUsr', '/uat/uia/', '로그인', '로그인', '/uat/uia/egovLoginUsr.do');
INSERT INTO COMTNPROGRMLIST (PROGRM_FILE_NM, PROGRM_STRE_PATH, PROGRM_KOREAN_NM, PROGRM_DC, URL) VALUES ('selectLoginPolicyList', '/uat/uap/', '로그인정책관리', '로그인정책관리', '/uat/uap/selectLoginPolicyList.do');
INSERT INTO COMTNPROGRMLIST (PROGRM_FILE_NM, PROGRM_STRE_PATH, PROGRM_KOREAN_NM, PROGRM_DC, URL) VALUES ('EgovAuthorList', '/sec/ram/', '권한관리', '권한관리', '/sec/ram/EgovAuthorList.do');
INSERT INTO COMTNPROGRMLIST (PROGRM_FILE_NM, PROGRM_STRE_PATH, PROGRM_KOREAN_NM, PROGRM_DC, URL) VALUES ('EgovAuthorGroupList', '/sec/rgm/', '권한그룹관리', '권한그룹관리', '/sec/rgm/EgovAuthorGroupList.do');
INSERT INTO COMTNPROGRMLIST (PROGRM_FILE_NM, PROGRM_STRE_PATH, PROGRM_KOREAN_NM, PROGRM_DC, URL) VALUES ('EgovGroupList', '/sec/gmt/', '그룹관리', '그룹관리', '/sec/gmt/EgovGroupList.do');
INSERT INTO COMTNPROGRMLIST (PROGRM_FILE_NM, PROGRM_STRE_PATH, PROGRM_KOREAN_NM, PROGRM_DC, URL) VALUES ('EgovRoleList', '/sec/rmt/', '롤관리', '롤관리', '/sec/rmt/EgovRoleList.do');
INSERT INTO COMTNPROGRMLIST (PROGRM_FILE_NM, PROGRM_STRE_PATH, PROGRM_KOREAN_NM, PROGRM_DC, URL) VALUES ('EgovDeptAuthorList', '/sec/drm/', '부서권한관리', '부서권한관리', '/sec/drm/EgovDeptAuthorList.do');
INSERT INTO COMTNPROGRMLIST (PROGRM_FILE_NM, PROGRM_STRE_PATH, PROGRM_KOREAN_NM, PROGRM_DC, URL) VALUES ('selectBbsStats', '/sts/bst/', '게시물통계', '게시물통계', '/sts/bst/selectBbsStats.do');
INSERT INTO COMTNPROGRMLIST (PROGRM_FILE_NM, PROGRM_STRE_PATH, PROGRM_KOREAN_NM, PROGRM_DC, URL) VALUES ('selectUserStats', '/sts/ust/', '사용자통계', '사용자통계', '/sts/ust/selectUserStats.do');
INSERT INTO COMTNPROGRMLIST (PROGRM_FILE_NM, PROGRM_STRE_PATH, PROGRM_KOREAN_NM, PROGRM_DC, URL) VALUES ('selectConectStats', '/sts/cst/', '접속통계', '접속통계', '/sts/cst/selectConectStats.do');
INSERT INTO COMTNPROGRMLIST (PROGRM_FILE_NM, PROGRM_STRE_PATH, PROGRM_KOREAN_NM, PROGRM_DC, URL) VALUES ('selectScrinStats', '/sts/sst/', '화면통계', '화면통계', '/sts/sst/selectScrinStats.do');
INSERT INTO COMTNPROGRMLIST (PROGRM_FILE_NM, PROGRM_STRE_PATH, PROGRM_KOREAN_NM, PROGRM_DC, URL) VALUES ('selectReprtStatsListView', '/sts/rst/', '보고서통계', '보고서통계', '/sts/rst/selectReprtStatsListView.do');
INSERT INTO COMTNPROGRMLIST (PROGRM_FILE_NM, PROGRM_STRE_PATH, PROGRM_KOREAN_NM, PROGRM_DC, URL) VALUES ('selectDtaUseStatsList', '/sts/dst/', '자료이용현황통계', '자료이용현황통계', '/sts/dst/selectDtaUseStatsList.do');
INSERT INTO COMTNPROGRMLIST (PROGRM_FILE_NM, PROGRM_STRE_PATH, PROGRM_KOREAN_NM, PROGRM_DC, URL) VALUES ('SelectBBSMasterInfs', '/cop/bbs/', '게시판속성관리', '게시판속성관리', '/cop/bbs/SelectBBSMasterInfs.do');
INSERT INTO COMTNPROGRMLIST (PROGRM_FILE_NM, PROGRM_STRE_PATH, PROGRM_KOREAN_NM, PROGRM_DC, URL) VALUES ('selectBBSUseInfs', '/cop/com/', '게시판사용정보', '게시판사용정보', '/cop/com/selectBBSUseInfs.do');
INSERT INTO COMTNPROGRMLIST (PROGRM_FILE_NM, PROGRM_STRE_PATH, PROGRM_KOREAN_NM, PROGRM_DC, URL) VALUES ('selectTemplateInfs', '/cop/tpl/', '템플릿관리', '템플릿관리', '/cop/tpl/selectTemplateInfs.do');
INSERT INTO COMTNPROGRMLIST (PROGRM_FILE_NM, PROGRM_STRE_PATH, PROGRM_KOREAN_NM, PROGRM_DC, URL) VALUES ('selectScrapList', '/cop/scp/', '스크랩 목록', '스크랩 목록', '/cop/scp/selectScrapList.do');
INSERT INTO COMTNPROGRMLIST (PROGRM_FILE_NM, PROGRM_STRE_PATH, PROGRM_KOREAN_NM, PROGRM_DC, URL) VALUES ('selectCmmntyInfs', '/cop/cmy/', '커뮤니티관리', '커뮤니티관리', '/cop/cmy/selectCmmntyInfs.do');
INSERT INTO COMTNPROGRMLIST (PROGRM_FILE_NM, PROGRM_STRE_PATH, PROGRM_KOREAN_NM, PROGRM_DC, URL) VALUES ('selectSmsList', '/cop/sms/', '문자메시지', '문자메시지', '/cop/sms/selectSmsList.do');
INSERT INTO COMTNPROGRMLIST (PROGRM_FILE_NM, PROGRM_STRE_PATH, PROGRM_KOREAN_NM, PROGRM_DC, URL) VALUES ('EgovDeptSchdulManageList', '/cop/smt/sdm/', '부서일정관리', '부서일정관리', '/cop/smt/sdm/EgovDeptSchdulManageList.do');
INSERT INTO COMTNPROGRMLIST (PROGRM_FILE_NM, PROGRM_STRE_PATH, PROGRM_KOREAN_NM, PROGRM_DC, URL) VALUES ('EgovIndvdlSchdulManageList', '/cop/smt/sim/', '일정관리', '일정관리', '/cop/smt/sim/EgovIndvdlSchdulManageList.do');
INSERT INTO COMTNPROGRMLIST (PROGRM_FILE_NM, PROGRM_STRE_PATH, PROGRM_KOREAN_NM, PROGRM_DC, URL) VALUES ('EgovDiaryManageList', '/cop/smt/dsm/', '일지관리', '일지관리', '/cop/smt/dsm/EgovDiaryManageList.do');
INSERT INTO COMTNPROGRMLIST (PROGRM_FILE_NM, PROGRM_STRE_PATH, PROGRM_KOREAN_NM, PROGRM_DC, URL) VALUES ('EgovAllSchdulManageList', '/cop/smt/sam/', '전체일정관리', '전체일정관리', '/cop/smt/sam/EgovAllSchdulManageList.do');
INSERT INTO COMTNPROGRMLIST (PROGRM_FILE_NM, PROGRM_STRE_PATH, PROGRM_KOREAN_NM, PROGRM_DC, URL) VALUES ('insertSndngMailView', '/cop/ems/', '메일발송', '메일발송', '/cop/ems/insertSndngMailView.do');
INSERT INTO COMTNPROGRMLIST (PROGRM_FILE_NM, PROGRM_STRE_PATH, PROGRM_KOREAN_NM, PROGRM_DC, URL) VALUES ('getSystemCntcList', '/ssi/syi/sim/', '시스템연계관리', '시스템연계관리', '/ssi/syi/sim/getSystemCntcList.do');
INSERT INTO COMTNPROGRMLIST (PROGRM_FILE_NM, PROGRM_STRE_PATH, PROGRM_KOREAN_NM, PROGRM_DC, URL) VALUES ('getCntcSttusList', '/ssi/syi/ist/', '연계현황관리', '연계현황관리', '/ssi/syi/ist/getCntcSttusList.do');
INSERT INTO COMTNPROGRMLIST (PROGRM_FILE_NM, PROGRM_STRE_PATH, PROGRM_KOREAN_NM, PROGRM_DC, URL) VALUES ('getCntcMessageList', '/ssi/syi/ims/', '연계메시지관리', '연계메시지관리', '/ssi/syi/ims/getCntcMessageList.do');
INSERT INTO COMTNPROGRMLIST (PROGRM_FILE_NM, PROGRM_STRE_PATH, PROGRM_KOREAN_NM, PROGRM_DC, URL) VALUES ('getCntcInsttList', '/ssi/syi/iis/', '연계기관관리', '연계기관관리', '/ssi/syi/iis/getCntcInsttList.do');
INSERT INTO COMTNPROGRMLIST (PROGRM_FILE_NM, PROGRM_STRE_PATH, PROGRM_KOREAN_NM, PROGRM_DC, URL) VALUES ('EgovComDamPersonalList', '/dam/per/', '개인지식관리', '개인지식관리', '/dam/per/EgovComDamPersonalList.do');
INSERT INTO COMTNPROGRMLIST (PROGRM_FILE_NM, PROGRM_STRE_PATH, PROGRM_KOREAN_NM, PROGRM_DC, URL) VALUES ('EgovComDamMapMaterialList', '/dam/map/mat/', '지식맵관리(유형)', '지식맵관리(유형)', '/dam/map/mat/EgovComDamMapMaterialList.do');
INSERT INTO COMTNPROGRMLIST (PROGRM_FILE_NM, PROGRM_STRE_PATH, PROGRM_KOREAN_NM, PROGRM_DC, URL) VALUES ('EgovComDamMapTeamList', '/dam/map/tea/', '지식맵관리(조직)', '지식맵관리(조직)', '/dam/map/tea/EgovComDamMapTeamList.do');
INSERT INTO COMTNPROGRMLIST (PROGRM_FILE_NM, PROGRM_STRE_PATH, PROGRM_KOREAN_NM, PROGRM_DC, URL) VALUES ('EgovComDamSpecialistList', '/dam/spe/spe/', '지식전문가관리', '지식전문가관리', '/dam/spe/spe/EgovComDamSpecialistList.do');
INSERT INTO COMTNPROGRMLIST (PROGRM_FILE_NM, PROGRM_STRE_PATH, PROGRM_KOREAN_NM, PROGRM_DC, URL) VALUES ('EgovComDamManagementList', '/dam/mgm/', '지식정보관리', '지식정보관리', '/dam/mgm/EgovComDamManagementList.do');
INSERT INTO COMTNPROGRMLIST (PROGRM_FILE_NM, PROGRM_STRE_PATH, PROGRM_KOREAN_NM, PROGRM_DC, URL) VALUES ('EgovComDamAppraisalList', '/dam/app/', '지식평가관리', '지식평가관리', '/dam/app/EgovComDamAppraisalList.do');
INSERT INTO COMTNPROGRMLIST (PROGRM_FILE_NM, PROGRM_STRE_PATH, PROGRM_KOREAN_NM, PROGRM_DC, URL) VALUES ('listRequestOffer', '/dam/spe/req/', '지식정보제공', '지식정보제공', '/dam/spe/req/listRequestOffer.do');
INSERT INTO COMTNPROGRMLIST (PROGRM_FILE_NM, PROGRM_STRE_PATH, PROGRM_KOREAN_NM, PROGRM_DC, URL) VALUES ('EgovRestdeList', '/sym/cal/', '공휴일관리(달력)', '공휴일관리(달력)', '/sym/cal/EgovRestdeList.do');
INSERT INTO COMTNPROGRMLIST (PROGRM_FILE_NM, PROGRM_STRE_PATH, PROGRM_KOREAN_NM, PROGRM_DC, URL) VALUES ('getTrsmrcvMntrngList', '/utl/sys/trm/', '송수신모니터링', '송수신모니터링', '/utl/sys/trm/getTrsmrcvMntrngList.do');
INSERT INTO COMTNPROGRMLIST (PROGRM_FILE_NM, PROGRM_STRE_PATH, PROGRM_KOREAN_NM, PROGRM_DC, URL) VALUES ('getDbMntrngList', '/utl/sys/dbm/', 'DB서비스모니터링', 'DB서비스모니터링', '/utl/sys/dbm/getDbMntrngList.do');
INSERT INTO COMTNPROGRMLIST (PROGRM_FILE_NM, PROGRM_STRE_PATH, PROGRM_KOREAN_NM, PROGRM_DC, URL) VALUES ('EgovComUtlHttpMonList', '/utl/sys/htm/', 'HTTP서비스모니터링', 'HTTP서비스모니터링', '/utl/sys/htm/EgovComUtlHttpMonList.do');
INSERT INTO COMTNPROGRMLIST (PROGRM_FILE_NM, PROGRM_STRE_PATH, PROGRM_KOREAN_NM, PROGRM_DC, URL) VALUES ('EgovComUtlProcessMonList', '/utl/sys/prm/', '프로세스모니터링', '프로세스모니터링', '/utl/sys/prm/EgovComUtlProcessMonList.do');
INSERT INTO COMTNPROGRMLIST (PROGRM_FILE_NM, PROGRM_STRE_PATH, PROGRM_KOREAN_NM, PROGRM_DC, URL) VALUES ('selectNtwrkSvcMntrngList', '/utl/sys/nsm/', '네트워크서비스모니터링', '네트워크서비스모니터링', '/utl/sys/nsm/selectNtwrkSvcMntrngList.do');
INSERT INTO COMTNPROGRMLIST (PROGRM_FILE_NM, PROGRM_STRE_PATH, PROGRM_KOREAN_NM, PROGRM_DC, URL) VALUES ('selectFileSysMntrngList', '/utl/sys/fsm/', '파일시스템모니터링', '파일시스템모니터링', '/utl/sys/fsm/selectFileSysMntrngList.do');
INSERT INTO COMTNPROGRMLIST (PROGRM_FILE_NM, PROGRM_STRE_PATH, PROGRM_KOREAN_NM, PROGRM_DC, URL) VALUES ('selectProxySvcList', '/utl/sys/pxy/', '프록시서비스', '프록시서비스', '/utl/sys/pxy/selectProxySvcList.do');
INSERT INTO COMTNPROGRMLIST (PROGRM_FILE_NM, PROGRM_STRE_PATH, PROGRM_KOREAN_NM, PROGRM_DC, URL) VALUES ('selectSynchrnServerList', '/utl/sys/ssy/', '파일동기화(대상서버)', '파일동기화(대상서버)', '/utl/sys/ssy/selectSynchrnServerList.do');
INSERT INTO COMTNPROGRMLIST (PROGRM_FILE_NM, PROGRM_STRE_PATH, PROGRM_KOREAN_NM, PROGRM_DC, URL) VALUES ('loginSessionView', '/utl/sys/rsc/', '로그인세션정보체크', '로그인세션정보체크', '/utl/sys/rsc/loginSessionView.do');
INSERT INTO COMTNPROGRMLIST (PROGRM_FILE_NM, PROGRM_STRE_PATH, PROGRM_KOREAN_NM, PROGRM_DC, URL) VALUES ('selectMntrngServerList', '/utl/sys/srm/', '서버자원모니터링-대상목록', '서버자원모니터링-대상목록', '/utl/sys/srm/selectMntrngServerList.do');

/* 메뉴정보 */
INSERT INTO COMTNMENUINFO (MENU_NM, PROGRM_FILE_NM, MENU_NO, UPPER_MENU_NO, MENU_ORDR, MENU_DC, RELATE_IMAGE_PATH, RELATE_IMAGE_NM) VALUES ('개인정보보호정책확인', 'listIndvdlInfoPolicy', 5080000, 5000000, 8, '개인정보보호정책확인', '/', '/');
INSERT INTO COMTNMENUINFO (MENU_NM, PROGRM_FILE_NM, MENU_NO, UPPER_MENU_NO, MENU_ORDR, MENU_DC, RELATE_IMAGE_PATH, RELATE_IMAGE_NM) VALUES ('도움말', 'HpcmListInqire', 5090000, 5000000, 9, '도움말', '/', '/');
INSERT INTO COMTNMENUINFO (MENU_NM, PROGRM_FILE_NM, MENU_NO, UPPER_MENU_NO, MENU_ORDR, MENU_DC, RELATE_IMAGE_PATH, RELATE_IMAGE_NM) VALUES ('용어사전', 'WordDicaryListInqire', 5100000, 5000000, 10, '용어사전', '/', '/');
INSERT INTO COMTNMENUINFO (MENU_NM, PROGRM_FILE_NM, MENU_NO, UPPER_MENU_NO, MENU_ORDR, MENU_DC, RELATE_IMAGE_PATH, RELATE_IMAGE_NM) VALUES ('FAQ관리', 'FaqListInqire', 5110000, 5000000, 11, 'FAQ관리', '/', '/');
INSERT INTO COMTNMENUINFO (MENU_NM, PROGRM_FILE_NM, MENU_NO, UPPER_MENU_NO, MENU_ORDR, MENU_DC, RELATE_IMAGE_PATH, RELATE_IMAGE_NM) VALUES ('Q&amp;A관리', 'QnaListInqire', 5120000, 5000000, 12, 'Q&amp;A관리', '/', '/');
INSERT INTO COMTNMENUINFO (MENU_NM, PROGRM_FILE_NM, MENU_NO, UPPER_MENU_NO, MENU_ORDR, MENU_DC, RELATE_IMAGE_PATH, RELATE_IMAGE_NM) VALUES ('Q&amp;A답변관리', 'QnaAnswerListInqire', 5130000, 5000000, 13, 'Q&amp;A답변관리', '/', '/');
INSERT INTO COMTNMENUINFO (MENU_NM, PROGRM_FILE_NM, MENU_NO, UPPER_MENU_NO, MENU_ORDR, MENU_DC, RELATE_IMAGE_PATH, RELATE_IMAGE_NM) VALUES ('행정전문용어사전', 'listAdministrationWord', 5140000, 5000000, 14, '행정전문용어사전', '/', '/');
INSERT INTO COMTNMENUINFO (MENU_NM, PROGRM_FILE_NM, MENU_NO, UPPER_MENU_NO, MENU_ORDR, MENU_DC, RELATE_IMAGE_PATH, RELATE_IMAGE_NM) VALUES ('행정전문용어사전관리', 'listAdministrationWordManage', 5150000, 5000000, 15, '행정전문용어사전관리', '/', '/');
INSERT INTO COMTNMENUINFO (MENU_NM, PROGRM_FILE_NM, MENU_NO, UPPER_MENU_NO, MENU_ORDR, MENU_DC, RELATE_IMAGE_PATH, RELATE_IMAGE_NM) VALUES ('온라인매뉴얼', 'listOnlineManual', 5160000, 5000000, 16, '온라인매뉴얼', '/', '/');
INSERT INTO COMTNMENUINFO (MENU_NM, PROGRM_FILE_NM, MENU_NO, UPPER_MENU_NO, MENU_ORDR, MENU_DC, RELATE_IMAGE_PATH, RELATE_IMAGE_NM) VALUES ('사용자온라인매뉴얼', 'OnlineManualUserList', 5170000, 5000000, 17, '사용자온라인매뉴얼', '/', '/');
INSERT INTO COMTNMENUINFO (MENU_NM, PROGRM_FILE_NM, MENU_NO, UPPER_MENU_NO, MENU_ORDR, MENU_DC, RELATE_IMAGE_PATH, RELATE_IMAGE_NM) VALUES ('상담관리', 'CnsltListInqire', 5180000, 5000000, 18, '상담관리', '/', '/');
INSERT INTO COMTNMENUINFO (MENU_NM, PROGRM_FILE_NM, MENU_NO, UPPER_MENU_NO, MENU_ORDR, MENU_DC, RELATE_IMAGE_PATH, RELATE_IMAGE_NM) VALUES ('상담답변관리', 'CnsltAnswerListInqire', 5190000, 5000000, 19, '상담답변관리', '/', '/');
INSERT INTO COMTNMENUINFO (MENU_NM, PROGRM_FILE_NM, MENU_NO, UPPER_MENU_NO, MENU_ORDR, MENU_DC, RELATE_IMAGE_PATH, RELATE_IMAGE_NM) VALUES ('설문관리', 'EgovQustnrManageList', 5200000, 5000000, 20, '설문관리', '/', '/');
INSERT INTO COMTNMENUINFO (MENU_NM, PROGRM_FILE_NM, MENU_NO, UPPER_MENU_NO, MENU_ORDR, MENU_DC, RELATE_IMAGE_PATH, RELATE_IMAGE_NM) VALUES ('설문조사', 'EgovQustnrRespondInfoManageList', 5210000, 5000000, 21, '설문조사', '/', '/');
INSERT INTO COMTNMENUINFO (MENU_NM, PROGRM_FILE_NM, MENU_NO, UPPER_MENU_NO, MENU_ORDR, MENU_DC, RELATE_IMAGE_PATH, RELATE_IMAGE_NM) VALUES ('설문템플릿관리', 'EgovQustnrTmplatManageList', 5220000, 5000000, 22, '설문템플릿관리', '/', '/');
INSERT INTO COMTNMENUINFO (MENU_NM, PROGRM_FILE_NM, MENU_NO, UPPER_MENU_NO, MENU_ORDR, MENU_DC, RELATE_IMAGE_PATH, RELATE_IMAGE_NM) VALUES ('응답자관리', 'EgovQustnrRespondManageList', 5230000, 5000000, 23, '응답자관리', '/', '/');
INSERT INTO COMTNMENUINFO (MENU_NM, PROGRM_FILE_NM, MENU_NO, UPPER_MENU_NO, MENU_ORDR, MENU_DC, RELATE_IMAGE_PATH, RELATE_IMAGE_NM) VALUES ('질문관리', 'EgovQustnrQestnManageList', 5240000, 5000000, 24, '질문관리', '/', '/');
INSERT INTO COMTNMENUINFO (MENU_NM, PROGRM_FILE_NM, MENU_NO, UPPER_MENU_NO, MENU_ORDR, MENU_DC, RELATE_IMAGE_PATH, RELATE_IMAGE_NM) VALUES ('항목관리', 'EgovQustnrItemManageList', 5250000, 5000000, 25, '항목관리', '/', '/');
INSERT INTO COMTNMENUINFO (MENU_NM, PROGRM_FILE_NM, MENU_NO, UPPER_MENU_NO, MENU_ORDR, MENU_DC, RELATE_IMAGE_PATH, RELATE_IMAGE_NM) VALUES ('회의관리', 'EgovMeetingManageList', 5260000, 5000000, 26, '회의관리', '/', '/');
INSERT INTO COMTNMENUINFO (MENU_NM, PROGRM_FILE_NM, MENU_NO, UPPER_MENU_NO, MENU_ORDR, MENU_DC, RELATE_IMAGE_PATH, RELATE_IMAGE_NM) VALUES ('온라인poll관리', 'listOnlinePollManage', 5270000, 5000000, 27, '온라인poll관리', '/', '/');
INSERT INTO COMTNMENUINFO (MENU_NM, PROGRM_FILE_NM, MENU_NO, UPPER_MENU_NO, MENU_ORDR, MENU_DC, RELATE_IMAGE_PATH, RELATE_IMAGE_NM) VALUES ('온라인poll참여', 'listOnlinePollPartcptn', 5280000, 5000000, 28, '온라인poll참여', '/', '/');
INSERT INTO COMTNMENUINFO (MENU_NM, PROGRM_FILE_NM, MENU_NO, UPPER_MENU_NO, MENU_ORDR, MENU_DC, RELATE_IMAGE_PATH, RELATE_IMAGE_NM) VALUES ('문자메시지', 'selectSmsList', 4060000, 4000000, 6, '문자메시지', '/', '/');
INSERT INTO COMTNMENUINFO (MENU_NM, PROGRM_FILE_NM, MENU_NO, UPPER_MENU_NO, MENU_ORDR, MENU_DC, RELATE_IMAGE_PATH, RELATE_IMAGE_NM) VALUES ('부서일정관리', 'EgovDeptSchdulManageList', 4070000, 4000000, 7, '부서일정관리', '/', '/');
INSERT INTO COMTNMENUINFO (MENU_NM, PROGRM_FILE_NM, MENU_NO, UPPER_MENU_NO, MENU_ORDR, MENU_DC, RELATE_IMAGE_PATH, RELATE_IMAGE_NM) VALUES ('일정관리', 'EgovIndvdlSchdulManageList', 4080000, 4000000, 8, '일정관리', '/', '/');
INSERT INTO COMTNMENUINFO (MENU_NM, PROGRM_FILE_NM, MENU_NO, UPPER_MENU_NO, MENU_ORDR, MENU_DC, RELATE_IMAGE_PATH, RELATE_IMAGE_NM) VALUES ('일지관리', 'EgovDiaryManageList', 4090000, 4000000, 9, '일지관리', '/', '/');
INSERT INTO COMTNMENUINFO (MENU_NM, PROGRM_FILE_NM, MENU_NO, UPPER_MENU_NO, MENU_ORDR, MENU_DC, RELATE_IMAGE_PATH, RELATE_IMAGE_NM) VALUES ('전체일정관리', 'EgovAllSchdulManageList', 4100000, 4000000, 10, '전체일정관리', '/', '/');
INSERT INTO COMTNMENUINFO (MENU_NM, PROGRM_FILE_NM, MENU_NO, UPPER_MENU_NO, MENU_ORDR, MENU_DC, RELATE_IMAGE_PATH, RELATE_IMAGE_NM) VALUES ('메일발송', 'insertSndngMailView', 4110000, 4000000, 11, '메일발송', '/', '/');
INSERT INTO COMTNMENUINFO (MENU_NM, PROGRM_FILE_NM, MENU_NO, UPPER_MENU_NO, MENU_ORDR, MENU_DC, RELATE_IMAGE_PATH, RELATE_IMAGE_NM) VALUES ('발송메일내역', 'selectSndngMailList', 4120000, 4000000, 12, '발송메일내역', '/', '/');
INSERT INTO COMTNMENUINFO (MENU_NM, PROGRM_FILE_NM, MENU_NO, UPPER_MENU_NO, MENU_ORDR, MENU_DC, RELATE_IMAGE_PATH, RELATE_IMAGE_NM) VALUES ('명함관리', 'selectNcrdInfs', 4130000, 4000000, 13, '명함관리', '/', '/');
INSERT INTO COMTNMENUINFO (MENU_NM, PROGRM_FILE_NM, MENU_NO, UPPER_MENU_NO, MENU_ORDR, MENU_DC, RELATE_IMAGE_PATH, RELATE_IMAGE_NM) VALUES ('내명함목록', 'selectMyNcrdUseInf', 4140000, 4000000, 14, '내명함목록', '/', '/');
INSERT INTO COMTNMENUINFO (MENU_NM, PROGRM_FILE_NM, MENU_NO, UPPER_MENU_NO, MENU_ORDR, MENU_DC, RELATE_IMAGE_PATH, RELATE_IMAGE_NM) VALUES ('주소록관리', 'selectAdbkList', 4150000, 4000000, 15, '주소록관리', '/', '/');
INSERT INTO COMTNMENUINFO (MENU_NM, PROGRM_FILE_NM, MENU_NO, UPPER_MENU_NO, MENU_ORDR, MENU_DC, RELATE_IMAGE_PATH, RELATE_IMAGE_NM) VALUES ('간부일정관리', 'selectLeaderSchdulList', 4160000, 4000000, 16, '간부일정관리', '/', '/');
INSERT INTO COMTNMENUINFO (MENU_NM, PROGRM_FILE_NM, MENU_NO, UPPER_MENU_NO, MENU_ORDR, MENU_DC, RELATE_IMAGE_PATH, RELATE_IMAGE_NM) VALUES ('부서업무함관리', 'selectDeptJobBxList', 4170000, 4000000, 17, '부서업무함관리', '/', '/');
INSERT INTO COMTNMENUINFO (MENU_NM, PROGRM_FILE_NM, MENU_NO, UPPER_MENU_NO, MENU_ORDR, MENU_DC, RELATE_IMAGE_PATH, RELATE_IMAGE_NM) VALUES ('부서업무정보', 'selectDeptJobList', 4180000, 4000000, 18, '부서업무정보', '/', '/');
INSERT INTO COMTNMENUINFO (MENU_NM, PROGRM_FILE_NM, MENU_NO, UPPER_MENU_NO, MENU_ORDR, MENU_DC, RELATE_IMAGE_PATH, RELATE_IMAGE_NM) VALUES ('주간/월간보고관리', 'selectWikMnthngReprtList', 4190000, 4000000, 19, '주간/월간보고관리', '/', '/');
INSERT INTO COMTNMENUINFO (MENU_NM, PROGRM_FILE_NM, MENU_NO, UPPER_MENU_NO, MENU_ORDR, MENU_DC, RELATE_IMAGE_PATH, RELATE_IMAGE_NM) VALUES ('메모할일관리', 'selectMemoTodoList', 4200000, 4000000, 20, '메모할일관리', '/', '/');
INSERT INTO COMTNMENUINFO (MENU_NM, PROGRM_FILE_NM, MENU_NO, UPPER_MENU_NO, MENU_ORDR, MENU_DC, RELATE_IMAGE_PATH, RELATE_IMAGE_NM) VALUES ('메모보고', 'selectMemoReprtList', 4210000, 4000000, 21, '메모보고', '/', '/');
INSERT INTO COMTNMENUINFO (MENU_NM, PROGRM_FILE_NM, MENU_NO, UPPER_MENU_NO, MENU_ORDR, MENU_DC, RELATE_IMAGE_PATH, RELATE_IMAGE_NM) VALUES ('사용자지원', 'dir', 5000000, 0, 5, '사용자지원', '/', '/');
INSERT INTO COMTNMENUINFO (MENU_NM, PROGRM_FILE_NM, MENU_NO, UPPER_MENU_NO, MENU_ORDR, MENU_DC, RELATE_IMAGE_PATH, RELATE_IMAGE_NM) VALUES ('기업회원관리', 'EgovEntrprsMberManage', 5010000, 5000000, 1, '기업회원관리', '/', '/');
INSERT INTO COMTNMENUINFO (MENU_NM, PROGRM_FILE_NM, MENU_NO, UPPER_MENU_NO, MENU_ORDR, MENU_DC, RELATE_IMAGE_PATH, RELATE_IMAGE_NM) VALUES ('업무사용자관리', 'EgovUserManage', 5020000, 5000000, 2, '업무사용자관리', '', '');
INSERT INTO COMTNMENUINFO (MENU_NM, PROGRM_FILE_NM, MENU_NO, UPPER_MENU_NO, MENU_ORDR, MENU_DC, RELATE_IMAGE_PATH, RELATE_IMAGE_NM) VALUES ('부서관리', 'selectDeptManageListView', 5030000, 5000000, 3, '부서관리', '/', '/');
INSERT INTO COMTNMENUINFO (MENU_NM, PROGRM_FILE_NM, MENU_NO, UPPER_MENU_NO, MENU_ORDR, MENU_DC, RELATE_IMAGE_PATH, RELATE_IMAGE_NM) VALUES ('일반회원관리', 'EgovMberManage', 5040000, 5000000, 4, '일반회원관리', '/', '/');
INSERT INTO COMTNMENUINFO (MENU_NM, PROGRM_FILE_NM, MENU_NO, UPPER_MENU_NO, MENU_ORDR, MENU_DC, RELATE_IMAGE_PATH, RELATE_IMAGE_NM) VALUES ('마이페이지관리', 'EgovIndvdlpgeCntntsList', 5050000, 5000000, 5, '마이페이지관리', '/', '/');
INSERT INTO COMTNMENUINFO (MENU_NM, PROGRM_FILE_NM, MENU_NO, UPPER_MENU_NO, MENU_ORDR, MENU_DC, RELATE_IMAGE_PATH, RELATE_IMAGE_NM) VALUES ('약관관리', 'StplatListInqire', 5060000, 5000000, 6, '약관관리', '/', '/');
INSERT INTO COMTNMENUINFO (MENU_NM, PROGRM_FILE_NM, MENU_NO, UPPER_MENU_NO, MENU_ORDR, MENU_DC, RELATE_IMAGE_PATH, RELATE_IMAGE_NM) VALUES ('저작권보호정책', 'CpyrhtPrtcPolicyListInqire', 5070000, 5000000, 7, '저작권보호정책', '/', '/');

INSERT INTO COMTNMENUINFO (MENU_NM, PROGRM_FILE_NM, MENU_NO, UPPER_MENU_NO, MENU_ORDR, MENU_DC, RELATE_IMAGE_PATH, RELATE_IMAGE_NM) VALUES ('사용자디렉토리/통합인증', 'dir', 1000000, 0, 1, '사용자디렉토리/통합인증', '/', '/');
INSERT INTO COMTNMENUINFO (MENU_NM, PROGRM_FILE_NM, MENU_NO, UPPER_MENU_NO, MENU_ORDR, MENU_DC, RELATE_IMAGE_PATH, RELATE_IMAGE_NM) VALUES ('로그인', 'egovLoginUsr', 1010000, 1000000, 1, '로그인', '/', '/');
INSERT INTO COMTNMENUINFO (MENU_NM, PROGRM_FILE_NM, MENU_NO, UPPER_MENU_NO, MENU_ORDR, MENU_DC, RELATE_IMAGE_PATH, RELATE_IMAGE_NM) VALUES ('로그인정책관리', 'selectLoginPolicyList', 1020000, 1000000, 2, '로그인정책관리', '/', '/');
INSERT INTO COMTNMENUINFO (MENU_NM, PROGRM_FILE_NM, MENU_NO, UPPER_MENU_NO, MENU_ORDR, MENU_DC, RELATE_IMAGE_PATH, RELATE_IMAGE_NM) VALUES ('보안', 'dir', 2000000, 0, 2, '보안', '/', '/');
INSERT INTO COMTNMENUINFO (MENU_NM, PROGRM_FILE_NM, MENU_NO, UPPER_MENU_NO, MENU_ORDR, MENU_DC, RELATE_IMAGE_PATH, RELATE_IMAGE_NM) VALUES ('권한그룹관리', 'EgovAuthorGroupList', 2020000, 2000000, 2, '권한그룹관리', '/', '/');
INSERT INTO COMTNMENUINFO (MENU_NM, PROGRM_FILE_NM, MENU_NO, UPPER_MENU_NO, MENU_ORDR, MENU_DC, RELATE_IMAGE_PATH, RELATE_IMAGE_NM) VALUES ('그룹관리', 'EgovGroupList', 2030000, 2000000, 3, '그룹관리', '/', '/');
INSERT INTO COMTNMENUINFO (MENU_NM, PROGRM_FILE_NM, MENU_NO, UPPER_MENU_NO, MENU_ORDR, MENU_DC, RELATE_IMAGE_PATH, RELATE_IMAGE_NM) VALUES ('롤관리', 'EgovRoleList', 2040000, 2000000, 4, '롤관리', '/', '/');
INSERT INTO COMTNMENUINFO (MENU_NM, PROGRM_FILE_NM, MENU_NO, UPPER_MENU_NO, MENU_ORDR, MENU_DC, RELATE_IMAGE_PATH, RELATE_IMAGE_NM) VALUES ('부서권한관리', 'EgovDeptAuthorList', 2050000, 2000000, 5, '부서권한관리', '/', '/');
INSERT INTO COMTNMENUINFO (MENU_NM, PROGRM_FILE_NM, MENU_NO, UPPER_MENU_NO, MENU_ORDR, MENU_DC, RELATE_IMAGE_PATH, RELATE_IMAGE_NM) VALUES ('통계/리포팅', 'dir', 3000000, 0, 3, '통계/리포팅', '/', '/');
INSERT INTO COMTNMENUINFO (MENU_NM, PROGRM_FILE_NM, MENU_NO, UPPER_MENU_NO, MENU_ORDR, MENU_DC, RELATE_IMAGE_PATH, RELATE_IMAGE_NM) VALUES ('게시물통계', 'selectBbsStats', 3010000, 3000000, 1, '게시물통계', '/', '/');
INSERT INTO COMTNMENUINFO (MENU_NM, PROGRM_FILE_NM, MENU_NO, UPPER_MENU_NO, MENU_ORDR, MENU_DC, RELATE_IMAGE_PATH, RELATE_IMAGE_NM) VALUES ('사용자통계', 'selectUserStats', 3020000, 3000000, 2, '사용자통계', '/', '/');
INSERT INTO COMTNMENUINFO (MENU_NM, PROGRM_FILE_NM, MENU_NO, UPPER_MENU_NO, MENU_ORDR, MENU_DC, RELATE_IMAGE_PATH, RELATE_IMAGE_NM) VALUES ('접속통계', 'selectConectStats', 3030000, 3000000, 3, '접속통계', '/', '/');
INSERT INTO COMTNMENUINFO (MENU_NM, PROGRM_FILE_NM, MENU_NO, UPPER_MENU_NO, MENU_ORDR, MENU_DC, RELATE_IMAGE_PATH, RELATE_IMAGE_NM) VALUES ('화면통계', 'selectScrinStats', 3040000, 3000000, 4, '화면통계', '/', '/');
INSERT INTO COMTNMENUINFO (MENU_NM, PROGRM_FILE_NM, MENU_NO, UPPER_MENU_NO, MENU_ORDR, MENU_DC, RELATE_IMAGE_PATH, RELATE_IMAGE_NM) VALUES ('보고서통계', 'selectReprtStatsListView', 3050000, 3000000, 5, '보고서통계', '/', '/');
INSERT INTO COMTNMENUINFO (MENU_NM, PROGRM_FILE_NM, MENU_NO, UPPER_MENU_NO, MENU_ORDR, MENU_DC, RELATE_IMAGE_PATH, RELATE_IMAGE_NM) VALUES ('자료이용현황통계', 'selectDtaUseStatsList', 3060000, 3000000, 6, '자료이용현황통계', '/', '/');
INSERT INTO COMTNMENUINFO (MENU_NM, PROGRM_FILE_NM, MENU_NO, UPPER_MENU_NO, MENU_ORDR, MENU_DC, RELATE_IMAGE_PATH, RELATE_IMAGE_NM) VALUES ('협업', 'dir', 4000000, 0, 4, '협업', '/', '/');
INSERT INTO COMTNMENUINFO (MENU_NM, PROGRM_FILE_NM, MENU_NO, UPPER_MENU_NO, MENU_ORDR, MENU_DC, RELATE_IMAGE_PATH, RELATE_IMAGE_NM) VALUES ('게시판속성관리', 'SelectBBSMasterInfs', 4010000, 4000000, 1, '게시판속성관리', '/', '/');
INSERT INTO COMTNMENUINFO (MENU_NM, PROGRM_FILE_NM, MENU_NO, UPPER_MENU_NO, MENU_ORDR, MENU_DC, RELATE_IMAGE_PATH, RELATE_IMAGE_NM) VALUES ('게시판사용정보', 'selectBBSUseInfs', 4020000, 4000000, 2, '게시판사용정보', '/', '/');
INSERT INTO COMTNMENUINFO (MENU_NM, PROGRM_FILE_NM, MENU_NO, UPPER_MENU_NO, MENU_ORDR, MENU_DC, RELATE_IMAGE_PATH, RELATE_IMAGE_NM) VALUES ('템플릿관리', 'selectTemplateInfs', 4030000, 4000000, 3, '템플릿관리', '/', '/');
INSERT INTO COMTNMENUINFO (MENU_NM, PROGRM_FILE_NM, MENU_NO, UPPER_MENU_NO, MENU_ORDR, MENU_DC, RELATE_IMAGE_PATH, RELATE_IMAGE_NM) VALUES ('스크랩 목록', 'selectScrapList', 4040000, 4000000, 4, '스크랩 목록', '/', '/');
INSERT INTO COMTNMENUINFO (MENU_NM, PROGRM_FILE_NM, MENU_NO, UPPER_MENU_NO, MENU_ORDR, MENU_DC, RELATE_IMAGE_PATH, RELATE_IMAGE_NM) VALUES ('커뮤니티관리', 'selectCmmntyInfs', 4050000, 4000000, 5, '커뮤니티관리', '/', '/');
INSERT INTO COMTNMENUINFO (MENU_NM, PROGRM_FILE_NM, MENU_NO, UPPER_MENU_NO, MENU_ORDR, MENU_DC, RELATE_IMAGE_PATH, RELATE_IMAGE_NM) VALUES ('뉴스관리', 'NewsInfoListInqire', 5290000, 5000000, 29, '뉴스관리', '/', '/');
INSERT INTO COMTNMENUINFO (MENU_NM, PROGRM_FILE_NM, MENU_NO, UPPER_MENU_NO, MENU_ORDR, MENU_DC, RELATE_IMAGE_PATH, RELATE_IMAGE_NM) VALUES ('사이트관리', 'SiteListInqire', 5300000, 5000000, 30, '사이트관리', '/', '/');
INSERT INTO COMTNMENUINFO (MENU_NM, PROGRM_FILE_NM, MENU_NO, UPPER_MENU_NO, MENU_ORDR, MENU_DC, RELATE_IMAGE_PATH, RELATE_IMAGE_NM) VALUES ('추천사이트관리', 'RecomendSiteListInqire', 5310000, 5000000, 31, '추천사이트관리', '/', '/');
INSERT INTO COMTNMENUINFO (MENU_NM, PROGRM_FILE_NM, MENU_NO, UPPER_MENU_NO, MENU_ORDR, MENU_DC, RELATE_IMAGE_PATH, RELATE_IMAGE_NM) VALUES ('행사/이벤트/캠페인', 'EgovEventCmpgnList', 5320000, 5000000, 32, '행사/이벤트/캠페인', '/', '/');
INSERT INTO COMTNMENUINFO (MENU_NM, PROGRM_FILE_NM, MENU_NO, UPPER_MENU_NO, MENU_ORDR, MENU_DC, RELATE_IMAGE_PATH, RELATE_IMAGE_NM) VALUES ('외부인사정보', 'EgovTnextrlHrInfoList', 5330000, 5000000, 33, '외부인사정보', '/', '/');
INSERT INTO COMTNMENUINFO (MENU_NM, PROGRM_FILE_NM, MENU_NO, UPPER_MENU_NO, MENU_ORDR, MENU_DC, RELATE_IMAGE_PATH, RELATE_IMAGE_NM) VALUES ('팝업창관리', 'listPopup', 5340000, 5000000, 34, '팝업창관리', '/', '/');
INSERT INTO COMTNMENUINFO (MENU_NM, PROGRM_FILE_NM, MENU_NO, UPPER_MENU_NO, MENU_ORDR, MENU_DC, RELATE_IMAGE_PATH, RELATE_IMAGE_NM) VALUES ('정보알림이', 'selectNotificationList', 5350000, 5000000, 35, '정보알림이', '/', '/');
INSERT INTO COMTNMENUINFO (MENU_NM, PROGRM_FILE_NM, MENU_NO, UPPER_MENU_NO, MENU_ORDR, MENU_DC, RELATE_IMAGE_PATH, RELATE_IMAGE_NM) VALUES ('배너관리', 'selectBannerList', 5360000, 5000000, 36, '배너관리', '/', '/');
INSERT INTO COMTNMENUINFO (MENU_NM, PROGRM_FILE_NM, MENU_NO, UPPER_MENU_NO, MENU_ORDR, MENU_DC, RELATE_IMAGE_PATH, RELATE_IMAGE_NM) VALUES ('MYPAGE배너관리', 'selectBannerMainList', 5370000, 5000000, 37, 'MYPAGE배너관리', '', '');
INSERT INTO COMTNMENUINFO (MENU_NM, PROGRM_FILE_NM, MENU_NO, UPPER_MENU_NO, MENU_ORDR, MENU_DC, RELATE_IMAGE_PATH, RELATE_IMAGE_NM) VALUES ('로그인화면이미지관리', 'selectLoginScrinImageList', 5380000, 5000000, 38, '로그인화면이미지관리', '/', '/');
INSERT INTO COMTNMENUINFO (MENU_NM, PROGRM_FILE_NM, MENU_NO, UPPER_MENU_NO, MENU_ORDR, MENU_DC, RELATE_IMAGE_PATH, RELATE_IMAGE_NM) VALUES ('최근검색어 목록', 'listRecentSrchwrd', 5390000, 5000000, 39, '최근검색어 목록', '/', '/');
INSERT INTO COMTNMENUINFO (MENU_NM, PROGRM_FILE_NM, MENU_NO, UPPER_MENU_NO, MENU_ORDR, MENU_DC, RELATE_IMAGE_PATH, RELATE_IMAGE_NM) VALUES ('메인이미지관리', 'selectMainImageList', 5400000, 5000000, 40, '메인이미지관리', '/', '/');
INSERT INTO COMTNMENUINFO (MENU_NM, PROGRM_FILE_NM, MENU_NO, UPPER_MENU_NO, MENU_ORDR, MENU_DC, RELATE_IMAGE_PATH, RELATE_IMAGE_NM) VALUES ('메인이미지 반영결과보기', 'getMainImageResult', 5410000, 5000000, 41, '메인이미지 반영결과보기', '/', '/');
INSERT INTO COMTNMENUINFO (MENU_NM, PROGRM_FILE_NM, MENU_NO, UPPER_MENU_NO, MENU_ORDR, MENU_DC, RELATE_IMAGE_PATH, RELATE_IMAGE_NM) VALUES ('통합링크관리', 'listUnityLink', 5420000, 5000000, 42, '통합링크관리', '/', '/');
INSERT INTO COMTNMENUINFO (MENU_NM, PROGRM_FILE_NM, MENU_NO, UPPER_MENU_NO, MENU_ORDR, MENU_DC, RELATE_IMAGE_PATH, RELATE_IMAGE_NM) VALUES ('사용자부재관리', 'selectUserAbsnceListView', 5430000, 5000000, 43, '사용자부재관리', '/', '/');
INSERT INTO COMTNMENUINFO (MENU_NM, PROGRM_FILE_NM, MENU_NO, UPPER_MENU_NO, MENU_ORDR, MENU_DC, RELATE_IMAGE_PATH, RELATE_IMAGE_NM) VALUES ('인터넷서비스안내및관리', 'selectIntnetSvcGuidanceList', 5440000, 5000000, 44, '인터넷서비스안내및관리', '/', '/');
INSERT INTO COMTNMENUINFO (MENU_NM, PROGRM_FILE_NM, MENU_NO, UPPER_MENU_NO, MENU_ORDR, MENU_DC, RELATE_IMAGE_PATH, RELATE_IMAGE_NM) VALUES ('Wiki기능', 'listWikiBookmark', 5450000, 5000000, 45, 'Wiki기능', '/', '/');
INSERT INTO COMTNMENUINFO (MENU_NM, PROGRM_FILE_NM, MENU_NO, UPPER_MENU_NO, MENU_ORDR, MENU_DC, RELATE_IMAGE_PATH, RELATE_IMAGE_NM) VALUES ('RSS태그관리', 'listRssTagManage', 5460000, 5000000, 46, 'RSS태그관리', '/', '/');
INSERT INTO COMTNMENUINFO (MENU_NM, PROGRM_FILE_NM, MENU_NO, UPPER_MENU_NO, MENU_ORDR, MENU_DC, RELATE_IMAGE_PATH, RELATE_IMAGE_NM) VALUES ('RSS태그서비스', 'listRssTagService', 5470000, 5000000, 47, 'RSS태그서비스', '/', '/');
INSERT INTO COMTNMENUINFO (MENU_NM, PROGRM_FILE_NM, MENU_NO, UPPER_MENU_NO, MENU_ORDR, MENU_DC, RELATE_IMAGE_PATH, RELATE_IMAGE_NM) VALUES ('Twitter연동', 'selectTwitterMain', 5480000, 5000000, 48, 'Twitter연동', '/', '/');
INSERT INTO COMTNMENUINFO (MENU_NM, PROGRM_FILE_NM, MENU_NO, UPPER_MENU_NO, MENU_ORDR, MENU_DC, RELATE_IMAGE_PATH, RELATE_IMAGE_NM) VALUES ('쪽지관리', 'registEgovNoteManage', 5490000, 5000000, 49, '쪽지관리', '/', '/');
INSERT INTO COMTNMENUINFO (MENU_NM, PROGRM_FILE_NM, MENU_NO, UPPER_MENU_NO, MENU_ORDR, MENU_DC, RELATE_IMAGE_PATH, RELATE_IMAGE_NM) VALUES ('받은쪽지함관리', 'listNoteRecptn', 5500000, 5000000, 50, '받은쪽지함관리', '/', '/');
INSERT INTO COMTNMENUINFO (MENU_NM, PROGRM_FILE_NM, MENU_NO, UPPER_MENU_NO, MENU_ORDR, MENU_DC, RELATE_IMAGE_PATH, RELATE_IMAGE_NM) VALUES ('보낸쪽지함관리', 'listNoteTrnsmit', 5510000, 5000000, 51, '보낸쪽지함관리', '/', '/');
INSERT INTO COMTNMENUINFO (MENU_NM, PROGRM_FILE_NM, MENU_NO, UPPER_MENU_NO, MENU_ORDR, MENU_DC, RELATE_IMAGE_PATH, RELATE_IMAGE_NM) VALUES ('회의실관리', 'selectMtgPlaceManageList', 5520000, 5000000, 52, '회의실관리', '/', '/');
INSERT INTO COMTNMENUINFO (MENU_NM, PROGRM_FILE_NM, MENU_NO, UPPER_MENU_NO, MENU_ORDR, MENU_DC, RELATE_IMAGE_PATH, RELATE_IMAGE_NM) VALUES ('회의실예약관리', 'selectMtgPlaceResveManageList', 5530000, 5000000, 53, '회의실예약관리', '/', '/');
INSERT INTO COMTNMENUINFO (MENU_NM, PROGRM_FILE_NM, MENU_NO, UPPER_MENU_NO, MENU_ORDR, MENU_DC, RELATE_IMAGE_PATH, RELATE_IMAGE_NM) VALUES ('직원경조사관리', 'selectCtsnnManageList', 5540000, 5000000, 54, '직원경조사관리', '/', '/');
INSERT INTO COMTNMENUINFO (MENU_NM, PROGRM_FILE_NM, MENU_NO, UPPER_MENU_NO, MENU_ORDR, MENU_DC, RELATE_IMAGE_PATH, RELATE_IMAGE_NM) VALUES ('직원경조사승인관리', 'EgovCtsnnConfmList', 5550000, 5000000, 55, '직원경조사승인관리', '/', '/');
INSERT INTO COMTNMENUINFO (MENU_NM, PROGRM_FILE_NM, MENU_NO, UPPER_MENU_NO, MENU_ORDR, MENU_DC, RELATE_IMAGE_PATH, RELATE_IMAGE_NM) VALUES ('휴가관리', 'EgovVcatnManageList', 5560000, 5000000, 56, '휴가관리', '/', '/');
INSERT INTO COMTNMENUINFO (MENU_NM, PROGRM_FILE_NM, MENU_NO, UPPER_MENU_NO, MENU_ORDR, MENU_DC, RELATE_IMAGE_PATH, RELATE_IMAGE_NM) VALUES ('휴가승인관리', 'EgovVcatnConfmList', 5570000, 5000000, 57, '휴가승인관리', '/', '/');
INSERT INTO COMTNMENUINFO (MENU_NM, PROGRM_FILE_NM, MENU_NO, UPPER_MENU_NO, MENU_ORDR, MENU_DC, RELATE_IMAGE_PATH, RELATE_IMAGE_NM) VALUES ('당직관리', 'EgovBndtManageList', 5580000, 5000000, 58, '당직관리', '/', '/');
INSERT INTO COMTNMENUINFO (MENU_NM, PROGRM_FILE_NM, MENU_NO, UPPER_MENU_NO, MENU_ORDR, MENU_DC, RELATE_IMAGE_PATH, RELATE_IMAGE_NM) VALUES ('당직체크관리', 'EgovBndtCeckManageList', 5590000, 5000000, 59, '당직체크관리', '/', '/');
INSERT INTO COMTNMENUINFO (MENU_NM, PROGRM_FILE_NM, MENU_NO, UPPER_MENU_NO, MENU_ORDR, MENU_DC, RELATE_IMAGE_PATH, RELATE_IMAGE_NM) VALUES ('포상관리', 'selectRwardManageList', 5600000, 5000000, 60, '포상관리', '/', '/');
INSERT INTO COMTNMENUINFO (MENU_NM, PROGRM_FILE_NM, MENU_NO, UPPER_MENU_NO, MENU_ORDR, MENU_DC, RELATE_IMAGE_PATH, RELATE_IMAGE_NM) VALUES ('포상승인관리', 'EgovRwardConfmList', 5610000, 5000000, 61, '포상승인관리', '/', '/');
INSERT INTO COMTNMENUINFO (MENU_NM, PROGRM_FILE_NM, MENU_NO, UPPER_MENU_NO, MENU_ORDR, MENU_DC, RELATE_IMAGE_PATH, RELATE_IMAGE_NM) VALUES ('기념일관리', 'selectAnnvrsryManageList', 5620000, 5000000, 62, '기념일관리', '/', '/');
INSERT INTO COMTNMENUINFO (MENU_NM, PROGRM_FILE_NM, MENU_NO, UPPER_MENU_NO, MENU_ORDR, MENU_DC, RELATE_IMAGE_PATH, RELATE_IMAGE_NM) VALUES ('기념일목록(확인용)', 'selectAnnvrsryMainList', 5630000, 5000000, 63, '기념일목록(확인용)', '/', '/');
INSERT INTO COMTNMENUINFO (MENU_NM, PROGRM_FILE_NM, MENU_NO, UPPER_MENU_NO, MENU_ORDR, MENU_DC, RELATE_IMAGE_PATH, RELATE_IMAGE_NM) VALUES ('행사신청관리', 'EgovEventReqstManageList', 5640000, 5000000, 64, '행사신청관리', '/', '/');
INSERT INTO COMTNMENUINFO (MENU_NM, PROGRM_FILE_NM, MENU_NO, UPPER_MENU_NO, MENU_ORDR, MENU_DC, RELATE_IMAGE_PATH, RELATE_IMAGE_NM) VALUES ('행사접수관리', 'EgovEventRcrptManageList', 5650000, 5000000, 65, '행사접수관리', '/', '/');
INSERT INTO COMTNMENUINFO (MENU_NM, PROGRM_FILE_NM, MENU_NO, UPPER_MENU_NO, MENU_ORDR, MENU_DC, RELATE_IMAGE_PATH, RELATE_IMAGE_NM) VALUES ('행사접수승인관리', 'selectEventRceptConfmList', 5660000, 5000000, 66, '행사접수승인관리', '/', '/');
INSERT INTO COMTNMENUINFO (MENU_NM, PROGRM_FILE_NM, MENU_NO, UPPER_MENU_NO, MENU_ORDR, MENU_DC, RELATE_IMAGE_PATH, RELATE_IMAGE_NM) VALUES ('시스템관리', 'dir', 6000000, 0, 6, '시스템관리', '/', '/');
INSERT INTO COMTNMENUINFO (MENU_NM, PROGRM_FILE_NM, MENU_NO, UPPER_MENU_NO, MENU_ORDR, MENU_DC, RELATE_IMAGE_PATH, RELATE_IMAGE_NM) VALUES ('공통분류코드', 'EgovCcmCmmnClCodeList', 6010000, 6000000, 1, '공통분류코드', '/', '/');
INSERT INTO COMTNMENUINFO (MENU_NM, PROGRM_FILE_NM, MENU_NO, UPPER_MENU_NO, MENU_ORDR, MENU_DC, RELATE_IMAGE_PATH, RELATE_IMAGE_NM) VALUES ('공통상세코드', 'EgovCcmCmmnDetailCodeList', 6020000, 6000000, 2, '공통상세코드', '/', '/');
INSERT INTO COMTNMENUINFO (MENU_NM, PROGRM_FILE_NM, MENU_NO, UPPER_MENU_NO, MENU_ORDR, MENU_DC, RELATE_IMAGE_PATH, RELATE_IMAGE_NM) VALUES ('공통코드', 'EgovCcmCmmnCodeList', 6030000, 6000000, 3, '공통코드', '/', '/');
INSERT INTO COMTNMENUINFO (MENU_NM, PROGRM_FILE_NM, MENU_NO, UPPER_MENU_NO, MENU_ORDR, MENU_DC, RELATE_IMAGE_PATH, RELATE_IMAGE_NM) VALUES ('우편번호관리', 'EgovCcmZipList', 6040000, 6000000, 4, '우편번호관리', '/', '/');
INSERT INTO COMTNMENUINFO (MENU_NM, PROGRM_FILE_NM, MENU_NO, UPPER_MENU_NO, MENU_ORDR, MENU_DC, RELATE_IMAGE_PATH, RELATE_IMAGE_NM) VALUES ('행정코드관리', 'EgovCcmAdministCodeList', 6050000, 6000000, 5, '행정코드관리', '/', '/');
INSERT INTO COMTNMENUINFO (MENU_NM, PROGRM_FILE_NM, MENU_NO, UPPER_MENU_NO, MENU_ORDR, MENU_DC, RELATE_IMAGE_PATH, RELATE_IMAGE_NM) VALUES ('기관코드수신', 'getInsttCodeRecptnList', 6060000, 6000000, 6, '기관코드수신', '/', '/');
INSERT INTO COMTNMENUINFO (MENU_NM, PROGRM_FILE_NM, MENU_NO, UPPER_MENU_NO, MENU_ORDR, MENU_DC, RELATE_IMAGE_PATH, RELATE_IMAGE_NM) VALUES ('로그관리', 'SelectSysLogList', 6070000, 6000000, 7, '로그관리', '/', '/');
INSERT INTO COMTNMENUINFO (MENU_NM, PROGRM_FILE_NM, MENU_NO, UPPER_MENU_NO, MENU_ORDR, MENU_DC, RELATE_IMAGE_PATH, RELATE_IMAGE_NM) VALUES ('사용로그관리', 'SelectUserLogList', 6080000, 6000000, 8, '사용로그관리', '/', '/');
INSERT INTO COMTNMENUINFO (MENU_NM, PROGRM_FILE_NM, MENU_NO, UPPER_MENU_NO, MENU_ORDR, MENU_DC, RELATE_IMAGE_PATH, RELATE_IMAGE_NM) VALUES ('송/수신로그관리', 'SelectTrsmrcvLogList', 6090000, 6000000, 9, '송/수신로그관리', '/', '/');
INSERT INTO COMTNMENUINFO (MENU_NM, PROGRM_FILE_NM, MENU_NO, UPPER_MENU_NO, MENU_ORDR, MENU_DC, RELATE_IMAGE_PATH, RELATE_IMAGE_NM) VALUES ('시스템이력관리', 'SelectSysHistoryList', 6100000, 6000000, 10, '시스템이력관리', '/', '/');
INSERT INTO COMTNMENUINFO (MENU_NM, PROGRM_FILE_NM, MENU_NO, UPPER_MENU_NO, MENU_ORDR, MENU_DC, RELATE_IMAGE_PATH, RELATE_IMAGE_NM) VALUES ('웹로그관리', 'SelectWebLogList', 6110000, 6000000, 11, '웹로그관리', '/', '/');
INSERT INTO COMTNMENUINFO (MENU_NM, PROGRM_FILE_NM, MENU_NO, UPPER_MENU_NO, MENU_ORDR, MENU_DC, RELATE_IMAGE_PATH, RELATE_IMAGE_NM) VALUES ('접속로그관리', 'SelectLoginLogList', 6120000, 6000000, 12, '접속로그관리', '/', '/');
INSERT INTO COMTNMENUINFO (MENU_NM, PROGRM_FILE_NM, MENU_NO, UPPER_MENU_NO, MENU_ORDR, MENU_DC, RELATE_IMAGE_PATH, RELATE_IMAGE_NM) VALUES ('메뉴리스트관리', 'EgovMenuListSelect', 6130000, 6000000, 13, '메뉴리스트관리', '/', '/');
INSERT INTO COMTNMENUINFO (MENU_NM, PROGRM_FILE_NM, MENU_NO, UPPER_MENU_NO, MENU_ORDR, MENU_DC, RELATE_IMAGE_PATH, RELATE_IMAGE_NM) VALUES ('메뉴관리리스트', 'EgovMenuManageSelect', 6140000, 6000000, 14, '메뉴관리리스트', '/', '/');
INSERT INTO COMTNMENUINFO (MENU_NM, PROGRM_FILE_NM, MENU_NO, UPPER_MENU_NO, MENU_ORDR, MENU_DC, RELATE_IMAGE_PATH, RELATE_IMAGE_NM) VALUES ('메뉴생성관리', 'EgovMenuCreatManageSelect', 6150000, 6000000, 15, '메뉴생성관리', '/', '/');
INSERT INTO COMTNMENUINFO (MENU_NM, PROGRM_FILE_NM, MENU_NO, UPPER_MENU_NO, MENU_ORDR, MENU_DC, RELATE_IMAGE_PATH, RELATE_IMAGE_NM) VALUES ('사이트맵', 'EgovSiteMapng', 6160000, 6000000, 16, '사이트맵', '/', '/');
INSERT INTO COMTNMENUINFO (MENU_NM, PROGRM_FILE_NM, MENU_NO, UPPER_MENU_NO, MENU_ORDR, MENU_DC, RELATE_IMAGE_PATH, RELATE_IMAGE_NM) VALUES ('바로가기메뉴관리', 'selectBkmkMenuManageList', 6170000, 6000000, 17, '바로가기메뉴관리', '/', '/');
INSERT INTO COMTNMENUINFO (MENU_NM, PROGRM_FILE_NM, MENU_NO, UPPER_MENU_NO, MENU_ORDR, MENU_DC, RELATE_IMAGE_PATH, RELATE_IMAGE_NM) VALUES ('프로그램관리', 'EgovProgramListManageSelect', 6180000, 6000000, 18, '프로그램관리', '/', '/');
INSERT INTO COMTNMENUINFO (MENU_NM, PROGRM_FILE_NM, MENU_NO, UPPER_MENU_NO, MENU_ORDR, MENU_DC, RELATE_IMAGE_PATH, RELATE_IMAGE_NM) VALUES ('프로그램변경요청관리', 'EgovProgramChangeRequstSelect', 6190000, 6000000, 19, '프로그램변경요청관리', '/', '/');
INSERT INTO COMTNMENUINFO (MENU_NM, PROGRM_FILE_NM, MENU_NO, UPPER_MENU_NO, MENU_ORDR, MENU_DC, RELATE_IMAGE_PATH, RELATE_IMAGE_NM) VALUES ('프로그램변경요청처리', 'EgovProgramChangeRequstProcessListSelect', 6200000, 6000000, 20, '프로그램변경요청처리', '/', '/');
INSERT INTO COMTNMENUINFO (MENU_NM, PROGRM_FILE_NM, MENU_NO, UPPER_MENU_NO, MENU_ORDR, MENU_DC, RELATE_IMAGE_PATH, RELATE_IMAGE_NM) VALUES ('프로그램변경이력', 'EgovProgramChgHstListSelect', 6210000, 6000000, 21, '프로그램변경이력', '/', '/');
INSERT INTO COMTNMENUINFO (MENU_NM, PROGRM_FILE_NM, MENU_NO, UPPER_MENU_NO, MENU_ORDR, MENU_DC, RELATE_IMAGE_PATH, RELATE_IMAGE_NM) VALUES ('배치작업관리', 'getBatchOpertList', 6220000, 6000000, 22, '배치작업관리', '/', '/');
INSERT INTO COMTNMENUINFO (MENU_NM, PROGRM_FILE_NM, MENU_NO, UPPER_MENU_NO, MENU_ORDR, MENU_DC, RELATE_IMAGE_PATH, RELATE_IMAGE_NM) VALUES ('배치결과관리', 'getBatchResultList', 6230000, 6000000, 23, '배치결과관리', '/', '/');
INSERT INTO COMTNMENUINFO (MENU_NM, PROGRM_FILE_NM, MENU_NO, UPPER_MENU_NO, MENU_ORDR, MENU_DC, RELATE_IMAGE_PATH, RELATE_IMAGE_NM) VALUES ('스케줄처리', 'getBatchSchdulList', 6240000, 6000000, 24, '스케줄처리', '/', '/');
INSERT INTO COMTNMENUINFO (MENU_NM, PROGRM_FILE_NM, MENU_NO, UPPER_MENU_NO, MENU_ORDR, MENU_DC, RELATE_IMAGE_PATH, RELATE_IMAGE_NM) VALUES ('백업관리', 'getBackupOpertList', 6250000, 6000000, 25, '백업관리', '/', '/');
INSERT INTO COMTNMENUINFO (MENU_NM, PROGRM_FILE_NM, MENU_NO, UPPER_MENU_NO, MENU_ORDR, MENU_DC, RELATE_IMAGE_PATH, RELATE_IMAGE_NM) VALUES ('백업결과관리', 'getBackupResultList', 6260000, 6000000, 26, '백업결과관리', '/', '/');
INSERT INTO COMTNMENUINFO (MENU_NM, PROGRM_FILE_NM, MENU_NO, UPPER_MENU_NO, MENU_ORDR, MENU_DC, RELATE_IMAGE_PATH, RELATE_IMAGE_NM) VALUES ('네트워크관리', 'selectNtwrkList', 6270000, 6000000, 27, '네트워크관리', '/', '/');
INSERT INTO COMTNMENUINFO (MENU_NM, PROGRM_FILE_NM, MENU_NO, UPPER_MENU_NO, MENU_ORDR, MENU_DC, RELATE_IMAGE_PATH, RELATE_IMAGE_NM) VALUES ('서버정보관리', 'selectServerEqpmnList', 6280000, 6000000, 28, '서버정보관리', '/', '/');
INSERT INTO COMTNMENUINFO (MENU_NM, PROGRM_FILE_NM, MENU_NO, UPPER_MENU_NO, MENU_ORDR, MENU_DC, RELATE_IMAGE_PATH, RELATE_IMAGE_NM) VALUES ('서버(S/W)목록', 'selectServerList', 6290000, 6000000, 29, '서버(S/W)목록', '/', '/');
INSERT INTO COMTNMENUINFO (MENU_NM, PROGRM_FILE_NM, MENU_NO, UPPER_MENU_NO, MENU_ORDR, MENU_DC, RELATE_IMAGE_PATH, RELATE_IMAGE_NM) VALUES ('장애신청관리', 'selectTroblReqstList', 6300000, 6000000, 30, '장애신청관리', '/', '/');
INSERT INTO COMTNMENUINFO (MENU_NM, PROGRM_FILE_NM, MENU_NO, UPPER_MENU_NO, MENU_ORDR, MENU_DC, RELATE_IMAGE_PATH, RELATE_IMAGE_NM) VALUES ('장애처리결과관리', 'selectTroblProcessList', 6310000, 6000000, 31, '장애처리결과관리', '/', '/');
INSERT INTO COMTNMENUINFO (MENU_NM, PROGRM_FILE_NM, MENU_NO, UPPER_MENU_NO, MENU_ORDR, MENU_DC, RELATE_IMAGE_PATH, RELATE_IMAGE_NM) VALUES ('시스템/서비스연계', 'dir', 7000000, 0, 7, '시스템/서비스연계', '/', '/');
INSERT INTO COMTNMENUINFO (MENU_NM, PROGRM_FILE_NM, MENU_NO, UPPER_MENU_NO, MENU_ORDR, MENU_DC, RELATE_IMAGE_PATH, RELATE_IMAGE_NM) VALUES ('시스템연계관리', 'getSystemCntcList', 7010000, 7000000, 1, '시스템연계관리', '/', '/');
INSERT INTO COMTNMENUINFO (MENU_NM, PROGRM_FILE_NM, MENU_NO, UPPER_MENU_NO, MENU_ORDR, MENU_DC, RELATE_IMAGE_PATH, RELATE_IMAGE_NM) VALUES ('연계현황관리', 'getCntcSttusList', 7020000, 7000000, 2, '연계현황관리', '/', '/');
INSERT INTO COMTNMENUINFO (MENU_NM, PROGRM_FILE_NM, MENU_NO, UPPER_MENU_NO, MENU_ORDR, MENU_DC, RELATE_IMAGE_PATH, RELATE_IMAGE_NM) VALUES ('연계메시지관리', 'getCntcMessageList', 7030000, 7000000, 3, '연계메시지관리', '/', '/');
INSERT INTO COMTNMENUINFO (MENU_NM, PROGRM_FILE_NM, MENU_NO, UPPER_MENU_NO, MENU_ORDR, MENU_DC, RELATE_IMAGE_PATH, RELATE_IMAGE_NM) VALUES ('연계기관관리', 'getCntcInsttList', 7040000, 7000000, 4, '연계기관관리', '/', '/');
INSERT INTO COMTNMENUINFO (MENU_NM, PROGRM_FILE_NM, MENU_NO, UPPER_MENU_NO, MENU_ORDR, MENU_DC, RELATE_IMAGE_PATH, RELATE_IMAGE_NM) VALUES ('자산 관리', 'dir', 8000000, 0, 8, '자산 관리', '/', '/');
INSERT INTO COMTNMENUINFO (MENU_NM, PROGRM_FILE_NM, MENU_NO, UPPER_MENU_NO, MENU_ORDR, MENU_DC, RELATE_IMAGE_PATH, RELATE_IMAGE_NM) VALUES ('개인지식관리', 'EgovComDamPersonalList', 8010000, 8000000, 1, '개인지식관리', '/', '/');
INSERT INTO COMTNMENUINFO (MENU_NM, PROGRM_FILE_NM, MENU_NO, UPPER_MENU_NO, MENU_ORDR, MENU_DC, RELATE_IMAGE_PATH, RELATE_IMAGE_NM) VALUES ('지식맵관리(유형)', 'EgovComDamMapMaterialList', 8020000, 8000000, 2, '지식맵관리(유형)', '/', '/');
INSERT INTO COMTNMENUINFO (MENU_NM, PROGRM_FILE_NM, MENU_NO, UPPER_MENU_NO, MENU_ORDR, MENU_DC, RELATE_IMAGE_PATH, RELATE_IMAGE_NM) VALUES ('지식맵관리(조직)', 'EgovComDamMapTeamList', 8030000, 8000000, 3, '지식맵관리(조직)', '/', '/');
INSERT INTO COMTNMENUINFO (MENU_NM, PROGRM_FILE_NM, MENU_NO, UPPER_MENU_NO, MENU_ORDR, MENU_DC, RELATE_IMAGE_PATH, RELATE_IMAGE_NM) VALUES ('지식전문가관리', 'EgovComDamSpecialistList', 8040000, 8000000, 4, '지식전문가관리', '/', '/');
INSERT INTO COMTNMENUINFO (MENU_NM, PROGRM_FILE_NM, MENU_NO, UPPER_MENU_NO, MENU_ORDR, MENU_DC, RELATE_IMAGE_PATH, RELATE_IMAGE_NM) VALUES ('지식정보관리', 'EgovComDamManagementList', 8050000, 8000000, 5, '지식정보관리', '/', '/');
INSERT INTO COMTNMENUINFO (MENU_NM, PROGRM_FILE_NM, MENU_NO, UPPER_MENU_NO, MENU_ORDR, MENU_DC, RELATE_IMAGE_PATH, RELATE_IMAGE_NM) VALUES ('지식평가관리', 'EgovComDamAppraisalList', 8060000, 8000000, 6, '지식평가관리', '/', '/');
INSERT INTO COMTNMENUINFO (MENU_NM, PROGRM_FILE_NM, MENU_NO, UPPER_MENU_NO, MENU_ORDR, MENU_DC, RELATE_IMAGE_PATH, RELATE_IMAGE_NM) VALUES ('지식정보제공', 'listRequestOffer', 8070000, 8000000, 7, '지식정보제공', '/', '/');
INSERT INTO COMTNMENUINFO (MENU_NM, PROGRM_FILE_NM, MENU_NO, UPPER_MENU_NO, MENU_ORDR, MENU_DC, RELATE_IMAGE_PATH, RELATE_IMAGE_NM) VALUES ('요소기술', 'dir', 9000000, 0, 9, '요소기술', '/', '/');
INSERT INTO COMTNMENUINFO (MENU_NM, PROGRM_FILE_NM, MENU_NO, UPPER_MENU_NO, MENU_ORDR, MENU_DC, RELATE_IMAGE_PATH, RELATE_IMAGE_NM) VALUES ('공휴일관리(달력)', 'EgovRestdeList', 9010000, 9000000, 1, '공휴일관리(달력)', '/', '/');
INSERT INTO COMTNMENUINFO (MENU_NM, PROGRM_FILE_NM, MENU_NO, UPPER_MENU_NO, MENU_ORDR, MENU_DC, RELATE_IMAGE_PATH, RELATE_IMAGE_NM) VALUES ('송수신모니터링', 'getTrsmrcvMntrngList', 9020000, 9000000, 2, '송수신모니터링', '/', '/');
INSERT INTO COMTNMENUINFO (MENU_NM, PROGRM_FILE_NM, MENU_NO, UPPER_MENU_NO, MENU_ORDR, MENU_DC, RELATE_IMAGE_PATH, RELATE_IMAGE_NM) VALUES ('DB서비스모니터링', 'getDbMntrngList', 9030000, 9000000, 3, 'DB서비스모니터링', '/', '/');
INSERT INTO COMTNMENUINFO (MENU_NM, PROGRM_FILE_NM, MENU_NO, UPPER_MENU_NO, MENU_ORDR, MENU_DC, RELATE_IMAGE_PATH, RELATE_IMAGE_NM) VALUES ('HTTP서비스모니터링', 'EgovComUtlHttpMonList', 9040000, 9000000, 4, 'HTTP서비스모니터링', '/', '/');
INSERT INTO COMTNMENUINFO (MENU_NM, PROGRM_FILE_NM, MENU_NO, UPPER_MENU_NO, MENU_ORDR, MENU_DC, RELATE_IMAGE_PATH, RELATE_IMAGE_NM) VALUES ('프로세스모니터링', 'EgovComUtlProcessMonList', 9050000, 9000000, 5, '프로세스모니터링', '/', '/');
INSERT INTO COMTNMENUINFO (MENU_NM, PROGRM_FILE_NM, MENU_NO, UPPER_MENU_NO, MENU_ORDR, MENU_DC, RELATE_IMAGE_PATH, RELATE_IMAGE_NM) VALUES ('네트워크서비스모니터링', 'selectNtwrkSvcMntrngList', 9060000, 9000000, 6, '네트워크서비스모니터링', '/', '/');
INSERT INTO COMTNMENUINFO (MENU_NM, PROGRM_FILE_NM, MENU_NO, UPPER_MENU_NO, MENU_ORDR, MENU_DC, RELATE_IMAGE_PATH, RELATE_IMAGE_NM) VALUES ('파일시스템모니터링', 'selectFileSysMntrngList', 9070000, 9000000, 7, '파일시스템모니터링', '/', '/');
INSERT INTO COMTNMENUINFO (MENU_NM, PROGRM_FILE_NM, MENU_NO, UPPER_MENU_NO, MENU_ORDR, MENU_DC, RELATE_IMAGE_PATH, RELATE_IMAGE_NM) VALUES ('프록시서비스', 'selectProxySvcList', 9080000, 9000000, 8, '프록시서비스', '/', '/');
INSERT INTO COMTNMENUINFO (MENU_NM, PROGRM_FILE_NM, MENU_NO, UPPER_MENU_NO, MENU_ORDR, MENU_DC, RELATE_IMAGE_PATH, RELATE_IMAGE_NM) VALUES ('파일동기화(대상서버)', 'selectSynchrnServerList', 9090000, 9000000, 9, '파일동기화(대상서버)', '/', '/');
INSERT INTO COMTNMENUINFO (MENU_NM, PROGRM_FILE_NM, MENU_NO, UPPER_MENU_NO, MENU_ORDR, MENU_DC, RELATE_IMAGE_PATH, RELATE_IMAGE_NM) VALUES ('로그인세션정보체크', 'loginSessionView', 9100000, 9000000, 10, '로그인세션정보체크', '/', '/');
INSERT INTO COMTNMENUINFO (MENU_NM, PROGRM_FILE_NM, MENU_NO, UPPER_MENU_NO, MENU_ORDR, MENU_DC, RELATE_IMAGE_PATH, RELATE_IMAGE_NM) VALUES ('서버자원모니터링-대상목록', 'selectMntrngServerList', 9110000, 9000000, 11, '서버자원모니터링-대상목록', '/', '/');

