
/* 일반회원 */
INSERT INTO COMTNGNRLMBER (MBER_ID,PASSWORD,PASSWORD_HINT,PASSWORD_CNSR,IHIDNUM,MBER_NM,ZIP,ADRES,AREA_NO,MBER_STTUS,DETAIL_ADRES,END_TELNO,MBTLNUM,GROUP_ID,MBER_FXNUM,MBER_EMAIL_ADRES,MIDDLE_TELNO,SBSCRB_DE,SEXDSTN_CODE,ESNTL_ID) VALUES ('USER','6TAJYwhKCgkgzPXDb83ZUiHi2/TKHhD7t5Ba6RN2qoo=','P01','전자정부표준프레임워크센터',null,'일반회원','100775','서울 중구 무교동 한국정보화진흥원','02','P','전자정부표준프레임워크센터','2059','1566-2059','GROUP_00000000000000','1566-2059','egovframesupport@gmail.com','1566',SYSDATETIME,'F','USRCNFRM_00000000001');

/* 업무사용자정보 */
INSERT INTO COMTNEMPLYRINFO ( EMPLYR_ID, ORGNZT_ID, USER_NM, PASSWORD, EMPL_NO, IHIDNUM,SEXDSTN_CODE, BRTHDY, FXNUM, HOUSE_ADRES, PASSWORD_HINT, PASSWORD_CNSR, HOUSE_END_TELNO, AREA_NO,DETAIL_ADRES, ZIP, OFFM_TELNO, MBTLNUM, EMAIL_ADRES, OFCPS_NM, HOUSE_MIDDLE_TELNO, GROUP_ID,PSTINST_CODE, EMPLYR_STTUS_CODE, ESNTL_ID, CRTFC_DN_VALUE, SBSCRB_DE ) VALUES ( 'TEST1', 'ORGNZT_0000000000000', '테스트1', 'raHLBnHFcunwNzcDcfad4PhD11hHgXSUr7fc1Jk9uoQ=', '3', '', 'F', '3       ', '123', '서울 중구 충무로1가', 'P02', '22', '3', '3', '1', '100011', '1', '2', 'a3@aa.aa', '3', '3', 'GROUP_00000000000000', '00000004', 'P', 'USRCNFRM_00000000000', '',  SYSDATETIME);
INSERT INTO COMTNEMPLYRINFO ( EMPLYR_ID, ORGNZT_ID, USER_NM, PASSWORD, EMPL_NO, IHIDNUM,SEXDSTN_CODE, BRTHDY, FXNUM, HOUSE_ADRES, PASSWORD_HINT, PASSWORD_CNSR, HOUSE_END_TELNO, AREA_NO,DETAIL_ADRES, ZIP, OFFM_TELNO, MBTLNUM, EMAIL_ADRES, OFCPS_NM, HOUSE_MIDDLE_TELNO, GROUP_ID,PSTINST_CODE, EMPLYR_STTUS_CODE, ESNTL_ID, CRTFC_DN_VALUE, SBSCRB_DE ) VALUES ( 'webmaster', 'ORGNZT_0000000000000', '웹마스터', '78gXjfDDMzepOP4QTiFMRFOT/msFgKkHIgGOU95PT94=', '3', '', 'F', '3       ', '123', '서울 중구 충무로1가', 'P02', '22', '3', '3', '1', '100011', '1', '2', 'a3@aa.aa', '3', '3', 'GROUP_00000000000000', '00000004', 'P', 'USRCNFRM_99999999999', '',  SYSDATETIME);

/* 기업회원 */
INSERT INTO COMTNENTRPRSMBER (ENTRPRS_MBER_ID,ENTRPRS_SE_CODE,BIZRNO,JURIRNO,CMPNY_NM,CXFC,ZIP,ADRES,ENTRPRS_MIDDLE_TELNO,FXNUM,INDUTY_CODE,APPLCNT_NM,APPLCNT_IHIDNUM,SBSCRB_DE,ENTRPRS_MBER_STTUS,ENTRPRS_MBER_PASSWORD,ENTRPRS_MBER_PASSWORD_HINT,ENTRPRS_MBER_PASSWORD_CNSR,GROUP_ID,DETAIL_ADRES,ENTRPRS_END_TELNO,AREA_NO,APPLCNT_EMAIL_ADRES,ESNTL_ID) VALUES ('ENTERPRISE','C0000001','1008360001','1000310000011','NIA','이가브','100775','서울특별시 중구 청계천로 14 - 0 한국정보사회진흥원','1566','1566-2059','O','관리자',null,SYSDATETIME,'P','FTgozmnPIalj56r5rar4diO2JtwPG2J4rYmIqMoo0bU=','P01','전자정부표준프레임워크센터','GROUP_00000000000000','표준프레임워크센터','2059','02','egovframesupport@gmail.com','USRCNFRM_00000000002');

/* 권한그룹정보 */
INSERT INTO COMTNAUTHORGROUPINFO ( GROUP_ID, GROUP_NM, GROUP_CREAT_DE,GROUP_DC ) VALUES ( 'GROUP_00000000000000', '0번  그룹입니다',  SYSDATETIME, '0번  그룹입니다');

/* 조직정보 */
INSERT INTO COMTNORGNZTINFO ( ORGNZT_ID, ORGNZT_NM, ORGNZT_DC ) VALUES ( 'ORGNZT_0000000000000', '기본조직', '기본조직');

/* 권한정보 */
INSERT INTO COMTNAUTHORINFO VALUES ('ROLE_ANONYMOUS'               ,'익명 사용자'       , '' , SYSDATETIME);
INSERT INTO COMTNAUTHORINFO VALUES ('IS_AUTHENTICATED_ANONYMOUSLY' ,'스프링시큐리티 내부사용(롤부여 금지)' , '' , SYSDATETIME);
INSERT INTO COMTNAUTHORINFO VALUES ('IS_AUTHENTICATED_REMEMBERED'  ,'스프링시큐리티 내부사용(롤부여 금지)' , '' , SYSDATETIME);
INSERT INTO COMTNAUTHORINFO VALUES ('IS_AUTHENTICATED_FULLY'       ,'스프링시큐리티 내부사용(롤부여 금지)' , '' , SYSDATETIME);
INSERT INTO COMTNAUTHORINFO VALUES ('ROLE_USER'                    ,'일반 사용자'       , '' , SYSDATETIME);
INSERT INTO COMTNAUTHORINFO VALUES ('ROLE_ADMIN'                   ,'관리자'            , '' , SYSDATETIME);

/* 롤 계층구조 */
INSERT INTO COMTNROLES_HIERARCHY VALUES ('ROLE_ANONYMOUS'               ,'IS_AUTHENTICATED_ANONYMOUSLY');
INSERT INTO COMTNROLES_HIERARCHY VALUES ('IS_AUTHENTICATED_ANONYMOUSLY' ,'IS_AUTHENTICATED_REMEMBERED');
INSERT INTO COMTNROLES_HIERARCHY VALUES ('IS_AUTHENTICATED_REMEMBERED'  ,'IS_AUTHENTICATED_FULLY');
INSERT INTO COMTNROLES_HIERARCHY VALUES ('IS_AUTHENTICATED_FULLY'       ,'ROLE_USER');
INSERT INTO COMTNROLES_HIERARCHY VALUES ('ROLE_USER'                    ,'ROLE_ADMIN');

/* 롤정보 */
INSERT INTO COMTNROLEINFO (ROLE_CODE, ROLE_NM, ROLE_PTTRN, ROLE_DC, ROLE_TY, ROLE_SORT, ROLE_CREAT_DE) VALUES('web-000001', '로그인롤', '\A/uat/uia/.*\.do.*\Z', '로그인허용을 위한 롤', 'url', '1', SYSDATETIME);
INSERT INTO COMTNROLEINFO (ROLE_CODE, ROLE_NM, ROLE_PTTRN, ROLE_DC, ROLE_TY, ROLE_SORT, ROLE_CREAT_DE) VALUES('web-000002', '좌측메뉴', '/EgovLeft.do', '좌측 메뉴에 대한 접근 제한 롤', 'url', '2', SYSDATETIME);
INSERT INTO COMTNROLEINFO (ROLE_CODE, ROLE_NM, ROLE_PTTRN, ROLE_DC, ROLE_TY, ROLE_SORT, ROLE_CREAT_DE) VALUES('web-000003', '모든접근제한', '\A/.*\.do.*\Z', '모든자원에 대한 접근 제한 롤', 'url', '3', SYSDATETIME);
INSERT INTO COMTNROLEINFO (ROLE_CODE, ROLE_NM, ROLE_PTTRN, ROLE_DC, ROLE_TY, ROLE_SORT, ROLE_CREAT_DE) VALUES('web-000004', '회원관리', '\A/uss/umt/.*\.do.*\Z', '회원관리에 대한 접근 제한 롤', 'url', '1', SYSDATETIME);
INSERT INTO COMTNROLEINFO (ROLE_CODE, ROLE_NM, ROLE_PTTRN, ROLE_DC, ROLE_TY, ROLE_SORT, ROLE_CREAT_DE) VALUES('web-000005', '실명확인', '\A/sec/rnc/.*\.do.*\Z', '실명확인에 대한 접근 제한 롤', 'url', '1', SYSDATETIME);
INSERT INTO COMTNROLEINFO (ROLE_CODE, ROLE_NM, ROLE_PTTRN, ROLE_DC, ROLE_TY, ROLE_SORT, ROLE_CREAT_DE) VALUES('web-000006', '우편번호', '\A/sym/ccm/zip/.*\.do.*\Z', '우편번호관리에 대한 접근 제한 롤', 'url', '1', SYSDATETIME);
INSERT INTO COMTNROLEINFO (ROLE_CODE, ROLE_NM, ROLE_PTTRN, ROLE_DC, ROLE_TY, ROLE_SORT, ROLE_CREAT_DE) VALUES('web-000007', '로그인이미지', '\A/uss/ion/lsi/.*\.do.*\Z', '로그인이미지관리에 대한 접근 제한 롤', 'url', '1', SYSDATETIME);
INSERT INTO COMTNROLEINFO (ROLE_CODE, ROLE_NM, ROLE_PTTRN, ROLE_DC, ROLE_TY, ROLE_SORT, ROLE_CREAT_DE) VALUES('web-000008', '파일다운로드', '\A/sym/ccm/zip/.*\.do.*\Z', '파일다운로드에 대한 접근 제한 롤', 'url', '1', SYSDATETIME);
INSERT INTO COMTNROLEINFO (ROLE_CODE, ROLE_NM, ROLE_PTTRN, ROLE_DC, ROLE_TY, ROLE_SORT, ROLE_CREAT_DE) VALUES('web-000009', '상단메뉴', '/EgovTop.do', '상단메뉴에 대한 접근 제한 롤', 'url', '1', SYSDATETIME);
INSERT INTO COMTNROLEINFO (ROLE_CODE, ROLE_NM, ROLE_PTTRN, ROLE_DC, ROLE_TY, ROLE_SORT, ROLE_CREAT_DE) VALUES('web-000010', '하단메뉴', '/EgovBottom.do', '하단메뉴에 대한 접근 제한 롤', 'url', '1', SYSDATETIME);
INSERT INTO COMTNROLEINFO (ROLE_CODE, ROLE_NM, ROLE_PTTRN, ROLE_DC, ROLE_TY, ROLE_SORT, ROLE_CREAT_DE) VALUES('web-000011', '왼쪽메뉴', '/EgovLeft.do', '왼쪽메뉴에 대한 접근 제한 롤', 'url', '1', SYSDATETIME);
INSERT INTO COMTNROLEINFO (ROLE_CODE, ROLE_NM, ROLE_PTTRN, ROLE_DC, ROLE_TY, ROLE_SORT, ROLE_CREAT_DE) VALUES('web-000012', '로그인롤', '\A/cmm/init/.*\.do.*\Z', '로그인허용을 위한 롤', 'url', '1', SYSDATETIME);

/* 권한롤관계 */
INSERT INTO COMTNAUTHORROLERELATE (AUTHOR_CODE, ROLE_CODE, CREAT_DT) VALUES ('ROLE_ANONYMOUS', 'web-000001', SYSDATETIME);
INSERT INTO COMTNAUTHORROLERELATE (AUTHOR_CODE, ROLE_CODE, CREAT_DT) VALUES ('ROLE_ANONYMOUS', 'web-000002', SYSDATETIME);
INSERT INTO COMTNAUTHORROLERELATE (AUTHOR_CODE, ROLE_CODE, CREAT_DT) VALUES ('ROLE_ANONYMOUS', 'web-000004', SYSDATETIME);
INSERT INTO COMTNAUTHORROLERELATE (AUTHOR_CODE, ROLE_CODE, CREAT_DT) VALUES ('ROLE_ANONYMOUS', 'web-000005', SYSDATETIME);
INSERT INTO COMTNAUTHORROLERELATE (AUTHOR_CODE, ROLE_CODE, CREAT_DT) VALUES ('ROLE_ANONYMOUS', 'web-000006', SYSDATETIME);
INSERT INTO COMTNAUTHORROLERELATE (AUTHOR_CODE, ROLE_CODE, CREAT_DT) VALUES ('ROLE_ANONYMOUS', 'web-000007', SYSDATETIME);
INSERT INTO COMTNAUTHORROLERELATE (AUTHOR_CODE, ROLE_CODE, CREAT_DT) VALUES ('ROLE_ANONYMOUS', 'web-000008', SYSDATETIME);
INSERT INTO COMTNAUTHORROLERELATE (AUTHOR_CODE, ROLE_CODE, CREAT_DT) VALUES ('ROLE_ANONYMOUS', 'web-000009', SYSDATETIME);
INSERT INTO COMTNAUTHORROLERELATE (AUTHOR_CODE, ROLE_CODE, CREAT_DT) VALUES ('ROLE_ANONYMOUS', 'web-000010', SYSDATETIME);
INSERT INTO COMTNAUTHORROLERELATE (AUTHOR_CODE, ROLE_CODE, CREAT_DT) VALUES ('ROLE_ANONYMOUS', 'web-000011', SYSDATETIME);
INSERT INTO COMTNAUTHORROLERELATE (AUTHOR_CODE, ROLE_CODE, CREAT_DT) VALUES ('ROLE_ANONYMOUS', 'web-000012', SYSDATETIME);
INSERT INTO COMTNAUTHORROLERELATE (AUTHOR_CODE, ROLE_CODE, CREAT_DT) VALUES ('ROLE_USER', 'web-000003', SYSDATETIME);

/* 사용자보안설정 */
INSERT INTO COMTNEMPLYRSCRTYESTBS (SCRTY_DTRMN_TRGET_ID, MBER_TY_CODE, AUTHOR_CODE) VALUES ('USRCNFRM_00000000000', 'USR03', 'ROLE_ADMIN');
INSERT INTO COMTNEMPLYRSCRTYESTBS (SCRTY_DTRMN_TRGET_ID, MBER_TY_CODE, AUTHOR_CODE) VALUES ('USRCNFRM_00000000001', 'USR01', 'ROLE_USER');
INSERT INTO COMTNEMPLYRSCRTYESTBS (SCRTY_DTRMN_TRGET_ID, MBER_TY_CODE, AUTHOR_CODE) VALUES ('USRCNFRM_00000000002', 'USR02', 'ROLE_USER');
INSERT INTO COMTNEMPLYRSCRTYESTBS (SCRTY_DTRMN_TRGET_ID, MBER_TY_CODE, AUTHOR_CODE) VALUES ('USRCNFRM_99999999999', 'USR03', 'ROLE_ADMIN');
